snapshot_stage,snapshot_label,snapshot_at,pair_id,cohort,locale,cluster,url,google_status,google_known,google_crawled,google_indexed,coverage_state,indexing_state,robots_txt_state,page_fetch_state,last_crawl_time,inspection_result_link,google_canonical,user_canonical,canonical_category,rendered_path,main_content_hash,main_unique_content_hash,word_count,token_count,title,h1,description,sitemap_lastmod,internal_link_count,crawl_depth,main_content_excerpt
after,after-edit,2026-09-13T09:59:15.534Z,P2B-01,treatment,en,draw,https://funnytools.win/en/tools/cad-2d/,Crawled Not Indexed,yes,yes,no,Crawled - currently not indexed,INDEXING_ALLOWED,ALLOWED,SUCCESSFUL,2026-08-23T05:32:30Z,https://search.google.com/search-console/inspect?resource_id=sc-domain:funnytools.win&id=Vz1nV-GI5eFmTcKVZuMKsA&utm_medium=link&utm_source=api,https://funnytools.win/en/tools/cad-2d/,https://funnytools.win/en/tools/cad-2d/,SELF_MATCH,dist/en/tools/cad-2d/index.html,cc15caf0d65342fcd83437dc775b42ad864d650c64066f8ac5391fd37e8379b2,93ee2ad25fbf8450f0cc739e44befb374bf31b8de2acff720bdfeda20e1cba75,1480,7345,Free Online 2D CAD Drawing Board｜PNG &amp; SVG - FunnyTools,2D CAD Drawing Board,"Create simple 2D CAD drawings online with… Free, no registration. Inputs and files stay in your browser and are not uploaded to FunnyTools servers.",2026-09-03,44,1,Tool area Select/Move Line Rectangle Circle Polyline Connect endpoints Snap to grid Endpoint snap Ortho Undo Redo Delete selected Clear all Finish polyline Export PNG Export SVG Ti
after,after-edit,2026-09-13T09:59:15.540Z,P2B-01,control,en,draw,https://funnytools.win/en/tools/flowchart/,Crawled Not Indexed,yes,yes,no,Crawled - currently not indexed,INDEXING_ALLOWED,ALLOWED,SUCCESSFUL,2026-08-17T18:52:21Z,https://search.google.com/search-console/inspect?resource_id=sc-domain:funnytools.win&id=aKpqKatof3NUkZ9aNmeGNg&utm_medium=link&utm_source=api,https://funnytools.win/en/tools/flowchart/,https://funnytools.win/en/tools/flowchart/,SELF_MATCH,dist/en/tools/flowchart/index.html,172844c2e2235057cc9329c0b16d13f297a9a249cda9aefdf8b943c25049d853,a4e447d2ba23bb350fe82907d8d026ccc90e97241d255047b1e24fb66e31173e,1033,5112,Flowchart Maker｜Online Diagram with PNG Export - FunnyTools,Flowchart Maker,"Create simple flowcharts online with… Free, no registration. Inputs and files stay in your browser and are not uploaded to FunnyTools servers.",2026-09-03,42,1,Tool area Select/Move Connect Edit text Add process Add decision Delete selected Clear all Export PNG Nothing selected Optional product discovery You may also like FunnyTools keeps
after,after-edit,2026-09-13T09:59:15.542Z,P2B-02,treatment,en,statistics,https://funnytools.win/en/tools/class-rank-percentile-calculator/,Crawled Not Indexed,yes,yes,no,Crawled - currently not indexed,INDEXING_ALLOWED,ALLOWED,SUCCESSFUL,2026-08-17T03:08:52Z,https://search.google.com/search-console/inspect?resource_id=sc-domain:funnytools.win&id=1U_URat-oJS9biC8cEf4Ew&utm_medium=link&utm_source=api,https://funnytools.win/en/tools/class-rank-percentile-calculator/,https://funnytools.win/en/tools/class-rank-percentile-calculator/,SELF_MATCH,dist/en/tools/class-rank-percentile-calculator/index.html,92308f292fa0f2c143b9d7fcc715a5b245aeee99378be8862fd5b8c4d8d8f8e1,902045ad7ff976343373e1e9e8c8aa2c272e5be06d80cd0b1aaa47c6d64f8bf6,1312,6497,Class Rank Calculator｜Rank to Percentile - FunnyTools,Class Rank Percentile Calculator,"Convert class rank and class size to an… Free, no registration. Inputs and files stay in your browser and are not uploaded to FunnyTools servers.",2026-09-10,42,1,Tool area Rank (r) Class size (N) Calculate rank percentile Work backward from a target Target top percentage Find highest qualifying rank Optional product discovery You may also l
after,after-edit,2026-09-13T09:59:15.545Z,P2B-02,control,en,statistics,https://funnytools.win/en/tools/normalized-score-converter/,Crawled Not Indexed,yes,yes,no,Crawled - currently not indexed,INDEXING_ALLOWED,ALLOWED,SUCCESSFUL,2026-08-16T14:05:36Z,https://search.google.com/search-console/inspect?resource_id=sc-domain:funnytools.win&id=R-Ldy73nABRl_8GixWG4nw&utm_medium=link&utm_source=api,https://funnytools.win/en/tools/normalized-score-converter/,https://funnytools.win/en/tools/normalized-score-converter/,SELF_MATCH,dist/en/tools/normalized-score-converter/index.html,98653fad8481403b7515ada7c6b4ef038fd78292ffe9fe23df05cdd932cf9777,a9c8bde0529d0d498f2cc62cf78a6436950751ee5317ff703930601c2b7501a1,974,4934,Normalized Score Converter｜Standard Score Tool - FunnyTools,Normalized Score Converter,"Convert a raw score to a target mean and… Free, no registration. Inputs and files stay in your browser and are not uploaded to FunnyTools servers.",2026-09-03,41,1,Tool area Raw score (X) Original mean (M) Original SD Target mean Target SD Convert score Optional product discovery You may also like FunnyTools keeps its tools free to use. If yo
after,after-edit,2026-09-13T09:59:15.547Z,P2B-03,treatment,en,money,https://funnytools.win/en/tools/compound-interest/,Crawled Not Indexed,yes,yes,no,Crawled - currently not indexed,INDEXING_ALLOWED,ALLOWED,SUCCESSFUL,2026-08-17T16:28:57Z,https://search.google.com/search-console/inspect?resource_id=sc-domain:funnytools.win&id=noHdIHtT8qnThQqq6OZcDQ&utm_medium=link&utm_source=api,https://funnytools.win/en/tools/compound-interest/,https://funnytools.win/en/tools/compound-interest/,SELF_MATCH,dist/en/tools/compound-interest/index.html,c4ae18c62f901b76b7d2afb1d193d08c312aa4f521d3a837371966f301b8f84a,9dddb5fe6fee02dfd3c60338153aa1b6d775bfbb96d1dcc1cdb73e47d1f92161,1202,6726,Compound Interest Calc｜Future Value Estimator - FunnyTools,Compound Interest Calculator,"Estimate future value, total contributed… Free, no registration. Inputs and files stay in your browser and are not uploaded to FunnyTools servers.",2026-09-03,42,1,Tool area Initial principal Monthly contribution Annual rate (%) Years Compounding Monthly Quarterly Yearly Daily Calculate Copy result Future value - Total contributed - Interest
after,after-edit,2026-09-13T09:59:15.549Z,P2B-03,control,en,money,https://funnytools.win/en/tools/net-salary/,Crawled Not Indexed,yes,yes,no,Crawled - currently not indexed,INDEXING_ALLOWED,ALLOWED,SUCCESSFUL,2026-08-17T07:34:16Z,https://search.google.com/search-console/inspect?resource_id=sc-domain:funnytools.win&id=zffpwvLdZxSrcCjnss0mBQ&utm_medium=link&utm_source=api,https://funnytools.win/en/tools/net-salary/,https://funnytools.win/en/tools/net-salary/,SELF_MATCH,dist/en/tools/net-salary/index.html,e160899d33d60b2e98861117cd4619e3c70955e6bdcfb3ac646f81c89974b79c,0378288c49f5152a2e6da410be406073c6ee42d06a236e02a6791be1b37f8bdf,1129,6158,Net Salary Calculator｜Take-Home Pay Estimate - FunnyTools,Net Salary,"Estimate monthly take-home pay with user-ed… Free, no registration. Inputs and files stay in your browser and are not uploaded to FunnyTools servers.",2026-09-03,42,1,Tool area Monthly salary Fixed allowance Other fixed deduction Labor insurance rate (%) Health insurance rate (%) Voluntary pension (self-paid) rate (%) Withholding tax rate (%) Ca
after,after-edit,2026-09-13T09:59:15.551Z,P2B-04,treatment,en,statistics,https://funnytools.win/en/tools/cronbach-alpha-calculator/,Crawled Not Indexed,yes,yes,no,Crawled - currently not indexed,INDEXING_ALLOWED,ALLOWED,SUCCESSFUL,2026-08-02T13:44:13Z,https://search.google.com/search-console/inspect?resource_id=sc-domain:funnytools.win&id=GzWLFTcdsiLDQDRwx4q84Q&utm_medium=link&utm_source=api,https://funnytools.win/en/tools/cronbach-alpha-calculator/,https://funnytools.win/en/tools/cronbach-alpha-calculator/,SELF_MATCH,dist/en/tools/cronbach-alpha-calculator/index.html,906ae3e5e1be56132ff98e04b6b6de4e51a6f0a13cce411888a6572d946fb5a7,bb89e49007023a5b5bf0d53493b7424af807e661dfb8af34f3353cd03b4b9dc5,1106,6031,Cronbach Alpha Calculator｜Scale Reliability - FunnyTools,Cronbach Alpha Calculator,"Estimate Cronbach alpha from respondent-by-… Free, no registration. Inputs and files stay in your browser and are not uploaded to FunnyTools servers.",2026-09-03,41,1,"Tool area Responses (one person per row, one item per column) 4,3,4,5 3,3,4,4 5,4,5,5 2,3,2,3 4,4,3,4 Calculate Cronbach’s α Optional product discovery You may also like FunnyTools"
after,after-edit,2026-09-13T09:59:15.553Z,P2B-04,control,en,statistics,https://funnytools.win/en/tools/grade-average/,Crawled Not Indexed,yes,yes,no,Crawled - currently not indexed,INDEXING_ALLOWED,ALLOWED,SUCCESSFUL,2026-08-04T18:35:57Z,https://search.google.com/search-console/inspect?resource_id=sc-domain:funnytools.win&id=kn5h7Uqudl74Q7X8e-k2Yg&utm_medium=link&utm_source=api,https://funnytools.win/en/tools/grade-average/,https://funnytools.win/en/tools/grade-average/,SELF_MATCH,dist/en/tools/grade-average/index.html,6541db9b26af797c342e80fb5efd04e6c0d4cc3f54bd98b32db0b01eacddddbe,23884e09c04a6ac4e85b8be84775c67f7797c1d6da874ec497825a7acd90bb99,1145,5950,Grade Average Calculator｜Simple &amp; Weighted Grades - FunnyTools,Grade Average Calculator,"Calculate your average grade from scores… Free, no registration. Inputs and files stay in your browser and are not uploaded to FunnyTools servers.",2026-09-10,43,1,Tool area Add row Copy result Export CSV Valid items 0 Sum 0.00 Simple average -- Weighted average -- Enter at least one valid score. Copied! Plan the remaining grade Average on co
after,after-edit,2026-09-13T09:59:15.555Z,P2B-05,treatment,en,statistics,https://funnytools.win/en/tools/percentage-calculator/,Crawled Not Indexed,yes,yes,no,Crawled - currently not indexed,INDEXING_ALLOWED,ALLOWED,SUCCESSFUL,2026-08-10T03:14:36Z,https://search.google.com/search-console/inspect?resource_id=sc-domain:funnytools.win&id=5zd59CSdnRx8VFUGdiiOSQ&utm_medium=link&utm_source=api,https://funnytools.win/en/tools/percentage-calculator/,https://funnytools.win/en/tools/percentage-calculator/,SELF_MATCH,dist/en/tools/percentage-calculator/index.html,a83f619110b9959b1eebb509210bfc8804e351337c2eb9150eb70ec43dc45dac,e848677a79b9b0a074323fce559e2f4ef589cdc357fe5fedadce2edcd20e4859,1165,5935,"Percentage Calculator｜Discounts, Ratios &amp; Change - FunnyTools",Percentage Calculator,"Free percentage calculator: find a percenta… Free, no registration. Inputs and files stay in your browser and are not uploaded to FunnyTools servers.",2026-09-03,43,1,Tool area Percentage of a number What is X% of Y Percent (%) Value (Y) Result -- Ratio as percentage X is what percent of Y Part (X) Whole (Y) Result -- Percentage change Change fr
after,after-edit,2026-09-13T09:59:15.557Z,P2B-05,control,en,statistics,https://funnytools.win/en/tools/percentile-rank-calculator/,Crawled Not Indexed,yes,yes,no,Crawled - currently not indexed,INDEXING_ALLOWED,ALLOWED,SUCCESSFUL,2026-08-09T16:58:09Z,https://search.google.com/search-console/inspect?resource_id=sc-domain:funnytools.win&id=CGfvG2D97UNFkfw_v2CbpQ&utm_medium=link&utm_source=api,https://funnytools.win/en/tools/percentile-rank-calculator/,https://funnytools.win/en/tools/percentile-rank-calculator/,SELF_MATCH,dist/en/tools/percentile-rank-calculator/index.html,cb54984dd71e09e07030da7a109d96ca2002c38b8ce3ff6d805ec7c0a7ed0ace,b8c5afec40ad70acd07bbfdb8a0234be4606e1e7feeda52561c7297db329288c,1040,5399,Percentile Rank Calc｜Formula &amp; Education Guide - FunnyTools,Percentile Rank Calculator,"Calculate percentile rank using counts… Free, no registration. Inputs and files stay in your browser and are not uploaded to FunnyTools servers.",2026-09-03,44,1,Tool area Number below (B) Number tied (E) Total group size (N) Calculate PR Optional product discovery You may also like FunnyTools keeps its tools free to use. If you are already
after,after-edit,2026-09-13T09:59:15.559Z,P2B-06,treatment,es,random,https://funnytools.win/es/herramientas/tirar-dados-online/,Crawled Not Indexed,yes,yes,no,Rastreada: actualmente sin indexar,INDEXING_ALLOWED,ALLOWED,SUCCESSFUL,2026-08-09T04:31:05Z,https://search.google.com/search-console/inspect?resource_id=sc-domain:funnytools.win&id=HN-KhQPgvi8us8X1q3M_gQ&utm_medium=link&utm_source=api,https://funnytools.win/es/herramientas/tirar-dados-online/,https://funnytools.win/es/herramientas/tirar-dados-online/,SELF_MATCH,dist/es/herramientas/tirar-dados-online/index.html,8520b2e31cd616dd3978faf99b48fefd674afca6b777fb4c442f0168642b7e05,4d0d1150916fd3ce8acf30c8ee46f12d3a7855950b7c760ed3a265d4898354e3,2199,11118,Tirar dados online | Dado virtual d6 y d20 - FunnyTools,Tirar dados online,"Tira dados online d4, d6, d8, d10, d12 o d20. Lanza hasta 20 dados virtuales, ve cada cara y calcula el total en el navegador.",2026-07-29,163,1,Usar la herramienta Tipo de dado d4 d6 d8 d10 d12 d20 Cantidad de dados Tirar dados Copiar resultado Resultado de la tirada Pulsa para tirar los dados Resultado copiado Qué puedes
after,after-edit,2026-09-13T09:59:15.561Z,P2B-06,control,es,random,https://funnytools.win/es/herramientas/decidir-entre-dos-opciones/,Crawled Not Indexed,yes,yes,no,Rastreada: actualmente sin indexar,INDEXING_ALLOWED,ALLOWED,SUCCESSFUL,2026-08-10T15:40:43Z,https://search.google.com/search-console/inspect?resource_id=sc-domain:funnytools.win&id=vESwRADFqgaRfxFRmupFmQ&utm_medium=link&utm_source=api,https://funnytools.win/es/herramientas/decidir-entre-dos-opciones/,https://funnytools.win/es/herramientas/decidir-entre-dos-opciones/,SELF_MATCH,dist/es/herramientas/decidir-entre-dos-opciones/index.html,70eb28155b1b52336f962edea5a90af64a0e26189c78dadad50b20843d188fc9,a335159137363ca560593778cc6b44f6fc414a1eaeedc5c2e96721d784644ab1,1853,10100,Decidir entre dos opciones | Selector 50/50 - FunnyTools,Decidir entre dos opciones,Escribe dos alternativas y obtén una elección aleatoria 50/50. Selector A o B en el navegador para desempates cotidianos de bajo riesgo.,2026-07-29,163,1,Usar la herramienta Opción A Opción B Decidir Copiar resultado Restablecer Opción elegida Escribe dos opciones para empezar Resultado copiado Qué puedes hacer aquí Aceptar dos text
after,after-edit,2026-09-13T09:59:15.562Z,P2B-07,treatment,es,statistics,https://funnytools.win/es/herramientas/calculadora-alfa-cronbach/,Crawled Not Indexed,yes,yes,no,Rastreada: actualmente sin indexar,INDEXING_ALLOWED,ALLOWED,SUCCESSFUL,2026-08-19T00:59:18Z,https://search.google.com/search-console/inspect?resource_id=sc-domain:funnytools.win&id=Bay-G47wIz5sndaIBn-2CQ&utm_medium=link&utm_source=api,https://funnytools.win/es/herramientas/calculadora-alfa-cronbach/,https://funnytools.win/es/herramientas/calculadora-alfa-cronbach/,SELF_MATCH,dist/es/herramientas/calculadora-alfa-cronbach/index.html,af8d28a711969ce9d4b7846fa1f43033e9b247e79c4114d54eef2385858103b7,8ffb94c7193991e2b28855420451a222d24fc83885b58e6a9502c80ce86b6928,2089,11461,Calculadora de alfa de Cronbach online - FunnyTools,Calculadora de alfa de Cronbach,"Calcula alfa de Cronbach con datos por persona e ítem. Incluye fórmula, formato, ejemplo, interpretación, límites y reporte de fiabilidad.",2026-07-28,161,1,"Usar la herramienta Respuestas: una persona por fila y un ítem por columna 4,3,4,5 3,3,4,4 5,4,5,5 2,3,2,3 4,4,3,4 Calcular alfa de Cronbach Qué puedes hacer aquí Leer una matriz n"
after,after-edit,2026-09-13T09:59:15.564Z,P2B-07,control,es,statistics,https://funnytools.win/es/herramientas/calculadora-media-ponderada/,Crawled Not Indexed,yes,yes,no,Rastreada: actualmente sin indexar,INDEXING_ALLOWED,ALLOWED,SUCCESSFUL,2026-08-24T23:49:35Z,https://search.google.com/search-console/inspect?resource_id=sc-domain:funnytools.win&id=DgG1IpsjLDbTJuRMvFabMQ&utm_medium=link&utm_source=api,https://funnytools.win/es/herramientas/calculadora-media-ponderada/,https://funnytools.win/es/herramientas/calculadora-media-ponderada/,SELF_MATCH,dist/es/herramientas/calculadora-media-ponderada/index.html,1074174482ab58c2b9d47cfd9798fbf843d2b57b5f208da1284a5f091091a78e,79c61e832b6d5f87f6e6f839e59decb4c503a429ccfc8533cdc0334c0d8d387f,1872,9794,Calculadora de media ponderada | Notas y créditos - FunnyTools,Calculadora de media ponderada,"Calcula la media ponderada con valores y pesos. Sirve para notas, porcentajes o créditos; valida filas, suma de pesos y fórmula paso a paso.",2026-07-30,163,1,"Usar la herramienta Añadir fila Calcular media ponderada Qué puedes hacer aquí Combinar dos o más valores con pesos positivos. Aceptar pesos expresados como porcentajes, créditos, "
after,after-edit,2026-09-13T09:59:15.566Z,P2B-08,treatment,es,statistics,https://funnytools.win/es/herramientas/calculadora-desviacion-estandar/,Crawled Not Indexed,yes,yes,no,Rastreada: actualmente sin indexar,INDEXING_ALLOWED,ALLOWED,SUCCESSFUL,2026-08-08T13:19:57Z,https://search.google.com/search-console/inspect?resource_id=sc-domain:funnytools.win&id=SI9Jmm8zGePStOVv7jar5Q&utm_medium=link&utm_source=api,https://funnytools.win/es/herramientas/calculadora-desviacion-estandar/,https://funnytools.win/es/herramientas/calculadora-desviacion-estandar/,SELF_MATCH,dist/es/herramientas/calculadora-desviacion-estandar/index.html,84c5c88c781fb165bf0764922c44c8df7d3cb225e815fc239fe29299cc052791,35b53536f513d73401127261457ada362aef5a65e0a312308c032765088cc84f,1900,10219,Calculadora de desviación estándar y varianza - FunnyTools,Calculadora de desviación estándar online,"Calcula desviación estándar o típica, varianza, media y mediana para población y muestra. Resultado local, fórmulas, ejemplos y comprobación.",2026-07-29,163,1,"Usar la herramienta Introduce los números Sepáralos con comas, espacios o saltos de línea; usa punto decimal Recuento 0 Suma -- Media -- Mediana -- Moda -- Mínimo -- Máximo -- Rang"
after,after-edit,2026-09-13T09:59:15.568Z,P2B-08,control,es,statistics,https://funnytools.win/es/herramientas/calculadora-nota-oposicion-docente/,Crawled Not Indexed,yes,yes,no,Rastreada: actualmente sin indexar,INDEXING_ALLOWED,ALLOWED,SUCCESSFUL,2026-08-09T03:39:10Z,https://search.google.com/search-console/inspect?resource_id=sc-domain:funnytools.win&id=Qepo_P29nzgfK3814l5AZw&utm_medium=link&utm_source=api,https://funnytools.win/es/herramientas/calculadora-nota-oposicion-docente/,https://funnytools.win/es/herramientas/calculadora-nota-oposicion-docente/,SELF_MATCH,dist/es/herramientas/calculadora-nota-oposicion-docente/index.html,770dc3a9e9de92217023a796a720e3c61ed315a7297b436237e10c61b63ef9f6,331c007477b432e08f8f9f8f407941a335051ddb1d7da771590385095a6fa99b,1561,8862,Calculadora nota oposición docente | Ponderaciones - FunnyTools,Calculadora de nota para oposición o selección docente,"Simula nota de oposición o selección docente con prueba escrita, didáctica y tercer componente. Pesos editables, desglose y límites.",2026-07-28,161,1,Usar la herramienta Prueba escrita Prueba escrita Peso de la prueba escrita Prueba o exposición didáctica Prueba o exposición didáctica Peso de la prueba didáctica Entrevista u otr
after,after-edit,2026-09-13T09:59:15.570Z,P2B-09,treatment,es,time,https://funnytools.win/es/herramientas/calculadora-dias-laborables/,Crawled Not Indexed,yes,yes,no,Rastreada: actualmente sin indexar,INDEXING_ALLOWED,ALLOWED,SUCCESSFUL,2026-08-19T18:06:28Z,https://search.google.com/search-console/inspect?resource_id=sc-domain:funnytools.win&id=qWi3F_PmLpqnqZgm7_emNg&utm_medium=link&utm_source=api,https://funnytools.win/es/herramientas/calculadora-dias-laborables/,https://funnytools.win/es/herramientas/calculadora-dias-laborables/,SELF_MATCH,dist/es/herramientas/calculadora-dias-laborables/index.html,79f39f357622b6507056dcafd52efd2ef0668e3c81c94e2c35d2980bb594b1ac,8bd70c4ca58a51ba6f48e8dfdf3716ec7c1b23ae95dc940f2e38fca37e82abb0,2252,12150,Calculadora de días laborables y hábiles - FunnyTools,Calculadora de días laborables,"Calcula días laborables entre dos fechas, excluye fines de semana y resta festivos personalizados. Controla si la fecha final se incluye.",2026-07-29,163,1,"Usar la herramienta Fecha inicial Fecha final Incluir la fecha final Excluir sábados y domingos Cargar calendario de referencia Selecciona una opción… Taiwán 2026, organismos admin"
after,after-edit,2026-09-13T09:59:15.572Z,P2B-09,control,es,time,https://funnytools.win/es/herramientas/calcular-diferencia-entre-fechas/,Crawled Not Indexed,yes,yes,no,Rastreada: actualmente sin indexar,INDEXING_ALLOWED,ALLOWED,SUCCESSFUL,2026-08-18T14:51:32Z,https://search.google.com/search-console/inspect?resource_id=sc-domain:funnytools.win&id=ZZ05NergaB7AjH5QUIbIUQ&utm_medium=link&utm_source=api,https://funnytools.win/es/herramientas/calcular-diferencia-entre-fechas/,https://funnytools.win/es/herramientas/calcular-diferencia-entre-fechas/,SELF_MATCH,dist/es/herramientas/calcular-diferencia-entre-fechas/index.html,be262b2adcfdd5d8197ce8228c7ba143b199390934800fee4c2a75ca088c6117,370201a5c795425a3a525dae0a62b80d163c3a6bf95a792c8d9bb842f07a3576,2153,11210,Diferencia entre fechas | Calculadora de días - FunnyTools,Calcular diferencia entre fechas,"Calcula la diferencia entre dos fechas en días, semanas, meses, años-meses-días, laborables y fines de semana. Incluye la fecha final si lo necesitas.",2026-07-29,163,1,"Usar la herramienta Fecha inicial Fecha final Incluir la fecha final Calcular Copiar resultado Días totales 0 Semanas 0 Meses 0 Años, meses y días 0 Lunes a viernes 0 Fines de sema"
after,after-edit,2026-09-13T09:59:15.574Z,P2B-10,treatment,es,money,https://funnytools.win/es/herramientas/calculadora-hipoteca/,Crawled Not Indexed,yes,yes,no,Rastreada: actualmente sin indexar,INDEXING_ALLOWED,ALLOWED,SUCCESSFUL,2026-08-23T01:14:06Z,https://search.google.com/search-console/inspect?resource_id=sc-domain:funnytools.win&id=Ri1LiBDXwDIRrEk5-hApiA&utm_medium=link&utm_source=api,https://funnytools.win/es/herramientas/calculadora-hipoteca/,https://funnytools.win/es/herramientas/calculadora-hipoteca/,SELF_MATCH,dist/es/herramientas/calculadora-hipoteca/index.html,387a801783540db68f40ae384e6e563c31c5acd3000fa312905e8430d7bd27cb,d85a58f7c31dce6e87ba0e27bb32396eb6f69367d89ea09d16deed2af006d040,2609,13646,Calculadora de hipoteca: cuota mensual e intereses - FunnyTools,Calculadora de hipoteca,"Calcula la cuota mensual de una hipoteca a tipo fijo, pagos totales e intereses. Fórmula, ejemplo y límites de la simulación.",2026-07-29,163,1,Usar la herramienta Capital del préstamo TIN anual (%) Plazo (años enteros) Calcular cuota Copiar resultado Cuota mensual estimada - Total de cuotas - Interés total - Resultado cop
after,after-edit,2026-09-13T09:59:15.577Z,P2B-10,control,es,money,https://funnytools.win/es/herramientas/calculadora-inflacion/,Crawled Not Indexed,yes,yes,no,Rastreada: actualmente sin indexar,INDEXING_ALLOWED,ALLOWED,SUCCESSFUL,2026-08-20T17:34:39Z,https://search.google.com/search-console/inspect?resource_id=sc-domain:funnytools.win&id=eNmXfpMMYxlU-VRnnTME7g&utm_medium=link&utm_source=api,https://funnytools.win/es/herramientas/calculadora-inflacion/,https://funnytools.win/es/herramientas/calculadora-inflacion/,SELF_MATCH,dist/es/herramientas/calculadora-inflacion/index.html,32c1e17da570fec080608e808174710fd550a6cd374c297dac22e11e56bdbe95,6bce658befede6635a4a0c1ca81d458494271731f062e723bf1b3eae37c8c56a,1915,10163,Calculadora de inflación y poder adquisitivo - FunnyTools,Calculadora de inflación y poder adquisitivo,"Calcula coste futuro, poder adquisitivo o equivalente actual con importe, inflación anual y años. Fórmula visible, ejemplos y límites frente al IPC oficial.",2026-09-04,163,1,Usar la herramienta Importe Inflación anual supuesta (%) Años enteros Pregunta que quieres responder Coste futuro desde hoy Poder adquisitivo futuro en dinero de hoy Equivalente ac
after,after-edit,2026-09-13T09:59:15.578Z,P2B-11,treatment,fr,statistics,https://funnytools.win/fr/outils/calcul-moyenne-notes/,Crawled Not Indexed,yes,yes,no,"Explorée, actuellement non indexée",INDEXING_ALLOWED,ALLOWED,SUCCESSFUL,2026-08-08T07:10:58Z,https://search.google.com/search-console/inspect?resource_id=sc-domain:funnytools.win&id=e9BoIlOqZy7Q3TXXLoPZJQ&utm_medium=link&utm_source=api,https://funnytools.win/fr/outils/calcul-moyenne-notes/,https://funnytools.win/fr/outils/calcul-moyenne-notes/,SELF_MATCH,dist/fr/outils/calcul-moyenne-notes/index.html,239dfd4140ba251856aa7f71d31d5b47c980732baab1baa091d94ff5d9b0b2a8,255a443b584738e3680895bc2992dd440a4ff92e6a9750ff4ab5278e94d75a21,2111,11179,Calcul moyenne notes avec coefficients - FunnyTools,Calculer une moyenne de notes avec coefficients,"Calculez une moyenne de notes simple ou pondérée avec coefficients. Outil gratuit, sans inscription, avec formule, exemples et vérifications.",2026-09-10,29,1,Utiliser l’outil Ajouter une ligne Copier le résultat Exporter en CSV Notes valides 0 Somme 0.00 Moyenne simple -- Moyenne pondérée -- Saisissez au moins une note valide. Résultat
after,after-edit,2026-09-13T09:59:15.580Z,P2B-11,control,fr,statistics,https://funnytools.win/fr/outils/calculateur-ecart-type/,Crawled Not Indexed,yes,yes,no,"Explorée, actuellement non indexée",INDEXING_ALLOWED,ALLOWED,SUCCESSFUL,2026-08-06T02:39:08Z,https://search.google.com/search-console/inspect?resource_id=sc-domain:funnytools.win&id=tBn8CVH07t3m5J5E-S5PXg&utm_medium=link&utm_source=api,https://funnytools.win/fr/outils/calculateur-ecart-type/,https://funnytools.win/fr/outils/calculateur-ecart-type/,SELF_MATCH,dist/fr/outils/calculateur-ecart-type/index.html,369293663d119d094405a3cfefeef689c844996472e18f9174061c1d91c84fba,598a43800f6b5bcba48303b5dfa0a8f952941ab0e2fff472c764496e38d695ac,1537,8574,Calculateur d’écart-type et de variance - FunnyTools,Calculateur d’écart-type et de variance,"Calculez écart-type, variance, moyenne et médiane pour une population ou un échantillon, avec formules et vérifications.",2026-07-29,29,1,"Utiliser l’outil Saisir les nombres Séparez-les par une virgule, un espace ou un retour à la ligne ; utilisez le point décimal Effectif 0 Somme -- Moyenne -- Médiane -- Mode -- Min"
after,after-edit,2026-09-13T09:59:15.582Z,P2B-12,treatment,fr,money,https://funnytools.win/fr/outils/calculateur-inflation-pouvoir-achat/,Crawled Not Indexed,yes,yes,no,"Explorée, actuellement non indexée",INDEXING_ALLOWED,ALLOWED,SUCCESSFUL,2026-08-21T15:13:18Z,https://search.google.com/search-console/inspect?resource_id=sc-domain:funnytools.win&id=6hX3hcTtxglT_RmitkEKUA&utm_medium=link&utm_source=api,https://funnytools.win/fr/outils/calculateur-inflation-pouvoir-achat/,https://funnytools.win/fr/outils/calculateur-inflation-pouvoir-achat/,SELF_MATCH,dist/fr/outils/calculateur-inflation-pouvoir-achat/index.html,41867de849791a44997a17b85ffdf82da9b3f242098e66af01518869d2bfeb9a,2d2f9b230699b482fdde20c2b587c1a566be36298d644ed479fcbf797c2812ed,2619,13691,Calculateur inflation et pouvoir d’achat en ligne - FunnyTools,Calculateur d’inflation et de pouvoir d’achat,"Calculez inflation cumulée, coût futur et pouvoir d’achat avec montant, taux et durée. Formule, IPC Insee, exemples et limites expliqués.",2026-09-04,29,1,Utiliser l’outil Montant Inflation annuelle supposée (%) Nombre d’années entières Question à calculer Coût futur depuis aujourd’hui Pouvoir d’achat futur en monnaie d’aujourd’hui É
after,after-edit,2026-09-13T09:59:15.584Z,P2B-12,control,fr,money,https://funnytools.win/fr/outils/calculateur-mensualite-pret-immobilier/,Crawled Not Indexed,yes,yes,no,"Explorée, actuellement non indexée",INDEXING_ALLOWED,ALLOWED,SUCCESSFUL,2026-08-19T17:04:43Z,https://search.google.com/search-console/inspect?resource_id=sc-domain:funnytools.win&id=3bCo0V82zNqs9v2TJ-g6Lg&utm_medium=link&utm_source=api,https://funnytools.win/fr/outils/calculateur-mensualite-pret-immobilier/,https://funnytools.win/fr/outils/calculateur-mensualite-pret-immobilier/,SELF_MATCH,dist/fr/outils/calculateur-mensualite-pret-immobilier/index.html,93dca21c94b571759e70f9aab16d3a8026082442eedcb10fa295a7a9201611eb,87d04019f951ee821d38e93a28ab233e9289d8a146b58764c40c00b72045131b,2031,10530,Calculateur mensualité prêt immobilier et intérêts - FunnyTools,Calculateur de mensualité de prêt immobilier,"Calculez une mensualité de prêt immobilier à taux fixe, le total remboursé et les intérêts. Formule, TAEG, assurance et limites expliqués.",2026-07-29,29,1,Utiliser l’outil Capital emprunté Taux nominal annuel hypothétique (%) Durée (années entières) Calculer la mensualité Copier le résultat Exemple modifiable : 200 000 à 3 % sur 25 a
after,after-edit,2026-09-13T09:59:15.585Z,P2B-13,treatment,fr,time,https://funnytools.win/fr/outils/calculateur-jours-ouvres/,Crawled Not Indexed,yes,yes,no,"Explorée, actuellement non indexée",INDEXING_ALLOWED,ALLOWED,SUCCESSFUL,2026-08-01T05:08:42Z,https://search.google.com/search-console/inspect?resource_id=sc-domain:funnytools.win&id=YLLLiyjTdyj9CrPN81t0xQ&utm_medium=link&utm_source=api,https://funnytools.win/fr/outils/calculateur-jours-ouvres/,https://funnytools.win/fr/outils/calculateur-jours-ouvres/,SELF_MATCH,dist/fr/outils/calculateur-jours-ouvres/index.html,751d469a6e3b20a463ea24bfc11984bf306caf5e550cd006bb4d60c1f2291928,ba06b65f0200836da48e2fa37d628b0d3ae04ab52ea9371bf0f9021e2b8ad695,2150,11868,Calculateur de jours ouvrés entre deux dates - FunnyTools,Calculateur de jours ouvrés,"Calculez le nombre de jours ouvrés entre deux dates avec week-ends, jours fériés France 2026 et liste personnalisée.",2026-07-29,29,1,Utiliser l’outil Date de début Date de fin Inclure la date de fin Exclure samedi et dimanche Charger un calendrier de référence Sélectionnez un calendrier… France métropolitaine 20
after,after-edit,2026-09-13T09:59:15.587Z,P2B-13,control,fr,time,https://funnytools.win/fr/outils/rappel-pause-ecran/,Crawled Not Indexed,yes,yes,no,"Explorée, actuellement non indexée",INDEXING_ALLOWED,ALLOWED,SUCCESSFUL,2026-08-03T02:43:13Z,https://search.google.com/search-console/inspect?resource_id=sc-domain:funnytools.win&id=UU5hFFznOPN4-ScOOxOiig&utm_medium=link&utm_source=api,https://funnytools.win/fr/outils/rappel-pause-ecran/,https://funnytools.win/fr/outils/rappel-pause-ecran/,SELF_MATCH,dist/fr/outils/rappel-pause-ecran/index.html,dff2712075efcdbe1231c36b55431342bafb68fc626cb13faed4f28848cd7dbd,2913d5d29fd6895cca1753253be9e633f821a5e5f2b5f6d70011ce082b79bcaa,1928,10235,Rappel de pause écran et minuteur de repos - FunnyTools,Rappel de pause écran,"Programmez un rappel de pause écran avec intervalles de travail, pauses actives, compte à rebours et signal sonore facultatif.",2026-07-29,29,1,Utiliser l’outil Intervalle de travail (minutes) Durée de la pause (minutes) Émettre un bref signal sonore Prêt à démarrer 50:00 0 rappels atteints Démarrer Pause Réinitialiser Ce
after,after-edit,2026-09-13T09:59:15.589Z,P2B-14,treatment,fr,statistics,https://funnytools.win/fr/outils/calculateur-moyenne-ponderee/,Crawled Not Indexed,yes,yes,no,"Explorée, actuellement non indexée",INDEXING_ALLOWED,ALLOWED,SUCCESSFUL,2026-08-24T06:24:53Z,https://search.google.com/search-console/inspect?resource_id=sc-domain:funnytools.win&id=LD-tDo7843koRPIVIQ8Nvg&utm_medium=link&utm_source=api,https://funnytools.win/fr/outils/calculateur-moyenne-ponderee/,https://funnytools.win/fr/outils/calculateur-moyenne-ponderee/,SELF_MATCH,dist/fr/outils/calculateur-moyenne-ponderee/index.html,4bdb03d94485a91c5380175b9f74813abb9f61dc91524971a0fe0eae0e34e4a7,92f79cfc58a73f4a7527c20ef403275177fa927bea208b0e374b443914d5a89f,1748,9222,Moyenne pondérée | Calculateur et formule - FunnyTools,Calculateur de moyenne pondérée,"Calculez une moyenne pondérée avec notes, coefficients, pourcentages ou crédits. Formule, somme des poids, exemples et contrôles.",2026-07-30,29,1,Utiliser l’outil Ajouter une ligne Calculer la moyenne pondérée Ce que vous pouvez faire ici Combiner au moins deux valeurs avec des poids strictement positifs. Accepter pourcentag
after,after-edit,2026-09-13T09:59:15.591Z,P2B-14,control,fr,statistics,https://funnytools.win/fr/outils/calculateur-score-t/,Crawled Not Indexed,yes,yes,no,"Explorée, actuellement non indexée",INDEXING_ALLOWED,ALLOWED,SUCCESSFUL,2026-09-04T13:48:14Z,https://search.google.com/search-console/inspect?resource_id=sc-domain:funnytools.win&id=O6TF6SKSWT5ZB2RbTxjL7Q&utm_medium=link&utm_source=api,https://funnytools.win/fr/outils/calculateur-score-t/,https://funnytools.win/fr/outils/calculateur-score-t/,SELF_MATCH,dist/fr/outils/calculateur-score-t/index.html,1331744285e4d785608fd971e58355ed63e51752ae7b92be870d9bafd273e282,4ea401389d65045543d30f660f78551c47f948cd06d403a430f7726056e58f82,1532,7438,Calculateur de score T | Convertir z en T - FunnyTools,Calculateur de score T,"Convertissez z avec T = 50 + 10z. Échelle moyenne 50, écart-type 10, exemples, limites et différence avec le t de Student.",2026-07-30,29,1,Utiliser l’outil Score z Convertir z en T Ce que vous pouvez faire ici Convertir tout score z fini avec T = 50 + 10z. Afficher T avec jusqu’à deux décimales et rappeler le z équiva
after,after-edit,2026-09-13T09:59:15.593Z,P2B-15,treatment,fr,time,https://funnytools.win/fr/outils/calculer-difference-entre-dates/,Crawled Not Indexed,yes,yes,no,"Explorée, actuellement non indexée",INDEXING_ALLOWED,ALLOWED,SUCCESSFUL,2026-08-19T16:16:16Z,https://search.google.com/search-console/inspect?resource_id=sc-domain:funnytools.win&id=8B24UEvLdPoEwY8sIJCi8Q&utm_medium=link&utm_source=api,https://funnytools.win/fr/outils/calculer-difference-entre-dates/,https://funnytools.win/fr/outils/calculer-difference-entre-dates/,SELF_MATCH,dist/fr/outils/calculer-difference-entre-dates/index.html,91cd4b38851bf53ac09f19a9d916bdc7d1f37a5aa74a4b9913c3055f999e7ec5,b2f216d7c4380c19a55c48fd67b40ee266992eb214fdf141a61bec02f84ee5d2,2265,11429,Différence entre deux dates : calcul en jours - FunnyTools,Calculer la différence entre deux dates,"Calculez la différence entre deux dates en jours, semaines, mois ou années-mois-jours. Choisissez si la date de fin doit être incluse.",2026-07-29,29,1,"Utiliser l’outil Date de début Date de fin Inclure la date de fin Calculer Copier le résultat Jours totaux 0 Semaines 0 Mois 0 Années, mois et jours 0 Lundis à vendredis 0 Samedis "
after,after-edit,2026-09-13T09:59:15.595Z,P2B-15,control,fr,time,https://funnytools.win/fr/outils/convertir-timestamp-unix/,Crawled Not Indexed,yes,yes,no,"Explorée, actuellement non indexée",INDEXING_ALLOWED,ALLOWED,SUCCESSFUL,2026-08-21T16:45:24Z,https://search.google.com/search-console/inspect?resource_id=sc-domain:funnytools.win&id=6sjLyKPs5OI3Y2veCFtc7Q&utm_medium=link&utm_source=api,https://funnytools.win/fr/outils/convertir-timestamp-unix/,https://funnytools.win/fr/outils/convertir-timestamp-unix/,SELF_MATCH,dist/fr/outils/convertir-timestamp-unix/index.html,f8f5e988ecc86e46519681f46d92741f7e04f606e550a3da51f53a3455523226,2c1eed2ad6dbb56e6544a4e27d0914795126d91c280cf9af06cd2b41bcda84b6,1392,7866,Convertir timestamp Unix en date UTC et locale - FunnyTools,Convertir un timestamp Unix en date,"Convertissez un timestamp en secondes ou millisecondes vers date locale, UTC et ISO 8601. Fuseau, seuil automatique et limites expliqués.",2026-07-29,29,1,Utiliser l’outil Timestamp Unix Unité de l’entrée Détection automatique Secondes Millisecondes Convertir Utiliser maintenant Copier l’ISO Date locale Date UTC ISO 8601 Unix en seco
after,after-edit,2026-09-13T09:59:15.596Z,P2B-16,treatment,zh-TW,draw,https://funnytools.win/tools/bar-chart-maker/,Crawled Not Indexed,yes,yes,no,已檢索 - 目前尚未建立索引,INDEXING_ALLOWED,ALLOWED,SUCCESSFUL,2026-08-13T18:43:24Z,https://search.google.com/search-console/inspect?resource_id=sc-domain:funnytools.win&id=MOyetCt1lUcLc5GJtPULrw&utm_medium=link&utm_source=api,https://funnytools.win/tools/bar-chart-maker/,https://funnytools.win/tools/bar-chart-maker/,SELF_MATCH,dist/tools/bar-chart-maker/index.html,aca51f6dc893a589a0ff6304c661830d3be5487fb9287e7409b06e29c4e4fd1f,f9fb53b5e830fb9e39db3ab5661ad5bf4cd3575bae675f4ce633bc2a2385a0ff,219,2854,長條圖製作工具｜線上免費長條圖產生器 - FunnyTools,長條圖製作工具,免費線上長條圖製作工具，輸入標籤與數值即可產生長條圖並匯出 PNG，適合報告、簡報與教學，瀏覽器本機處理。 本工具可免費使用且不需註冊，輸入內容與檔案均在瀏覽器本機處理，不會主動上傳至 FunnyTools 免費線上工具箱 伺服器。,2026-09-02,51,1,工具互動區 圖表標題（選填） 標籤 數值 新增一列 匯出 PNG 自願支持本站 ❤️ 這個工具有幫上忙嗎？ FunnyTools 希望所有工具都能持續免費。 如果你剛好有購物需求，可以透過下面的分潤連結支持我們。你不需要多支付任何費用，我們可能會從符合條件的購買中獲得少量分潤。 部分連結為分潤連結。若您透過連結完成符合條件的購買，我們可能獲得分潤，您的購買價
after,after-edit,2026-09-13T09:59:15.598Z,P2B-16,control,zh-TW,draw,https://funnytools.win/tools/cad-2d/,Crawled Not Indexed,yes,yes,no,已檢索 - 目前尚未建立索引,INDEXING_ALLOWED,ALLOWED,SUCCESSFUL,2026-08-10T02:39:59Z,https://search.google.com/search-console/inspect?resource_id=sc-domain:funnytools.win&id=ieW-0ilXVuE7QiD0IMMdKg&utm_medium=link&utm_source=api,https://funnytools.win/tools/cad-2d/,https://funnytools.win/tools/cad-2d/,SELF_MATCH,dist/tools/cad-2d/index.html,65f042c25e8d157f7207803b1fac4ee49ed02bf3e5f121044bef9ff2b6c2d09e,ddf1c6cb5a7f48d6b371e2523da3efa3af6698abfd63f9d2499db0ac46ec5413,233,2238,簡易 2D CAD 製圖板｜免費線上網格製圖工具 - FunnyTools,簡易 2D CAD 製圖板,免費線上 2D CAD 製圖板，可在瀏覽器中繪製線段、矩形、圓形與折線，支援網格吸附、縮放、平移、復原與 PNG/SVG 匯出。 本工具可免費使用且不需註冊，輸入內容與檔案均在瀏覽器本機處理，不會主動上傳至 FunnyTools 免費線上工具箱 伺服器。,2026-09-03,50,1,工具互動區 選取/移動 線段 矩形 圓形 折線 連接端點 吸附格線 端點鎖點 正交 復原 重做 刪除選取 清除全部 完成折線 匯出 PNG 匯出 SVG 提示：端點鎖點會自動吸附線段/折線端點；選取線段或折線後可拖曳藍色握把，Alt+拖曳可解除該端點連接。 長度 格 角度 ° 輸入長度後按 Enter，或長度→Tab→角度→Enter 工具 : 選取/移動
after,after-edit,2026-09-13T09:59:15.599Z,P2B-17,treatment,zh-TW,text,https://funnytools.win/tools/base64/,Crawled Not Indexed,yes,yes,no,已檢索 - 目前尚未建立索引,INDEXING_ALLOWED,ALLOWED,SUCCESSFUL,2026-08-21T15:50:49Z,https://search.google.com/search-console/inspect?resource_id=sc-domain:funnytools.win&id=yexXyvL5trssHkFtNm4UNw&utm_medium=link&utm_source=api,https://funnytools.win/tools/base64/,https://funnytools.win/tools/base64/,SELF_MATCH,dist/tools/base64/index.html,4121bcabf023ee7b5ce5e6a9edf2c75559b630e123574f6ca243e486065fab30,6cbaad5c5c594f34a166354b7f0bbb92c05e593f06af1d0ccb81118af446799a,310,2885,Base64 編碼解碼｜免費 UTF-8 線上工具 - FunnyTools,Base64 編碼解碼,免費 Base64 編碼與解碼工具，支援 UTF-8 中文、emoji 與一般純文字，並提供錯誤提示。 本工具可免費使用且不需註冊，輸入內容與檔案均在瀏覽器本機處理，不會主動上傳至 FunnyTools 免費線上工具箱 伺服器。,2026-09-02,49,1,工具互動區 輸入 編碼 解碼 複製輸出 清除 輸出 已複製 自願支持本站 ❤️ 這個工具有幫上忙嗎？ FunnyTools 希望所有工具都能持續免費。 如果你剛好有購物需求，可以透過下面的分潤連結支持我們。你不需要多支付任何費用，我們可能會從符合條件的購買中獲得少量分潤。 部分連結為分潤連結。若您透過連結完成符合條件的購買，我們可能獲得分潤，您的購買價格不會
after,after-edit,2026-09-13T09:59:15.600Z,P2B-17,control,zh-TW,text,https://funnytools.win/tools/case-converter/,Crawled Not Indexed,yes,yes,no,已檢索 - 目前尚未建立索引,INDEXING_ALLOWED,ALLOWED,SUCCESSFUL,2026-08-21T06:05:47Z,https://search.google.com/search-console/inspect?resource_id=sc-domain:funnytools.win&id=U5pUPykia1ec5UutYfjXxw&utm_medium=link&utm_source=api,https://funnytools.win/tools/case-converter/,https://funnytools.win/tools/case-converter/,SELF_MATCH,dist/tools/case-converter/index.html,dfd91d9d4ae273d20d301fe886d756624964c4895cce4c170716e097d85cc7b1,eb45913be3c6ddb776dcf6c1970f5e78479aa911dec10f270452cb48904cc5de,243,2704,英文大小寫轉換器｜免費線上 Case Converter - FunnyTools,英文大小寫轉換器,免費線上大小寫轉換工具，支援 uppercase、lowercase、title case、sentence case、camelCase、snake_case… 本工具可免費使用且不需註冊，輸入內容與檔案均在瀏覽器本機處理，不會主動上傳至 FunnyTools 免費線上工具箱 伺服器。,2026-09-03,53,1,工具互動區 輸入文字 UPPERCASE lowercase Title Case Sentence case camelCase snake_case kebab-case CONSTANT_CASE 轉換結果 複製 清除 已複製 自願支持本站 ❤️ 這個工具有幫上忙嗎？ FunnyTools 希望所有工具都能持續免費。 如果你剛好有購物需求，可以透過下面
after,after-edit,2026-09-13T09:59:15.602Z,P2B-18,treatment,zh-TW,statistics,https://funnytools.win/tools/cronbach-alpha-calculator/,Crawled Not Indexed,yes,yes,no,已檢索 - 目前尚未建立索引,INDEXING_ALLOWED,ALLOWED,SUCCESSFUL,2026-08-18T22:35:45Z,https://search.google.com/search-console/inspect?resource_id=sc-domain:funnytools.win&id=-6-cqvB0o8PzmgS3Ko4gSw&utm_medium=link&utm_source=api,https://funnytools.win/tools/cronbach-alpha-calculator/,https://funnytools.win/tools/cronbach-alpha-calculator/,SELF_MATCH,dist/tools/cronbach-alpha-calculator/index.html,7b2c3af968b1b06324f9ba530e9974043c162632f08b18a7b6ab26bbec885360,6edbf34d990636435b77b29e4675f05a082727d4f78f478a44b171d335d23351,288,2801,Cronbach Alpha 計算器｜問卷量表信度估算 - FunnyTools,Cronbach’s Alpha 計算器,貼上受試者乘題目的原始資料，估算 Cronbach alpha、題目數與有效樣本數，適合問卷信度初步檢查。 本工具可免費使用且不需註冊，輸入內容與檔案均在瀏覽器本機處理，不會主動上傳至 FunnyTools 免費線上工具箱 伺服器。,2026-09-03,47,1,"工具互動區 作答資料（每列一人、每欄一題） 4,3,4,5 3,3,4,4 5,4,5,5 2,3,2,3 4,4,3,4 計算 Cronbach’s α 自願支持本站 ❤️ 這個工具有幫上忙嗎？ FunnyTools 希望所有工具都能持續免費。 如果你剛好有購物需求，可以透過下面的分潤連結支持我們。你不需要多支付任何費用，我們可能會從符合條件的購買中獲得少"
after,after-edit,2026-09-13T09:59:15.603Z,P2B-18,control,zh-TW,statistics,https://funnytools.win/tools/class-rank-percentile-calculator/,Crawled Not Indexed,yes,yes,no,已檢索 - 目前尚未建立索引,INDEXING_ALLOWED,ALLOWED,SUCCESSFUL,2026-08-19T01:54:04Z,https://search.google.com/search-console/inspect?resource_id=sc-domain:funnytools.win&id=RUYOaa1S0ZKkWXCv80Ahew&utm_medium=link&utm_source=api,https://funnytools.win/tools/class-rank-percentile-calculator/,https://funnytools.win/tools/class-rank-percentile-calculator/,SELF_MATCH,dist/tools/class-rank-percentile-calculator/index.html,3bb77dafc001705d442a95f40812ab388efeb11af8e3eaab61f710e680379ab2,dd4de6ba63dc3830036fca50f155421268d5cf2437918bcf43345640caa607e1,326,3241,班級排名百分比計算器｜名次轉 PR - FunnyTools,排名百分比計算器,依班級名次和總人數估算百分等級與前百分比，附公式與教育應用說明。 本工具可免費使用且不需註冊，輸入內容與檔案均在瀏覽器本機處理，不會主動上傳至 FunnyTools 免費線上工具箱 伺服器。,2026-09-10,48,1,工具互動區 目前名次（r） 總人數（N） 計算排名百分比 反推目標名次 目標前百分比 計算最高符合名次 自願支持本站 ❤️ 這個工具有幫上忙嗎？ FunnyTools 希望所有工具都能持續免費。 如果你剛好有購物需求，可以透過下面的分潤連結支持我們。你不需要多支付任何費用，我們可能會從符合條件的購買中獲得少量分潤。 部分連結為分潤連結。若您透過連結完成符合條
after,after-edit,2026-09-13T09:59:15.604Z,P2B-19,treatment,zh-TW,study,https://funnytools.win/tools/seating-chart/,Crawled Not Indexed,yes,yes,no,已檢索 - 目前尚未建立索引,INDEXING_ALLOWED,ALLOWED,SUCCESSFUL,2026-08-18T23:10:18Z,https://search.google.com/search-console/inspect?resource_id=sc-domain:funnytools.win&id=j2ch9C4Lz4kElH06fzRa2w&utm_medium=link&utm_source=api,https://funnytools.win/tools/seating-chart/,https://funnytools.win/tools/seating-chart/,SELF_MATCH,dist/tools/seating-chart/index.html,1edb29c1b1bbf17d7629ea5172ee38db59dc460a537330a7b157fba8b2dc1e72,432284620658113fec668f29c8134abc6340dcfe10851801052ad189405038f9,277,3491,座位表產生器｜免費製作教室座位表與隨機排座位 - FunnyTools,座位表產生器,貼上學生名單，設定列數與欄數，隨機或依序產生座位表，可複製與列印。 本工具可免費使用且不需註冊，輸入內容與檔案均在瀏覽器本機處理，不會主動上傳至 FunnyTools 免費線上工具箱 伺服器。,2026-09-03,52,1,工具互動區 學生名單 列數 欄數 填入方向 依列填入 依欄填入 隨機洗牌 產生座位表 複製 匯出 CSV 列印 重設 座位表會顯示在這裡 已複製 自願支持本站 ❤️ 這個工具有幫上忙嗎？ FunnyTools 希望所有工具都能持續免費。 如果你剛好有購物需求，可以透過下面的分潤連結支持我們。你不需要多支付任何費用，我們可能會從符合條件的購買中獲得少量分潤。
after,after-edit,2026-09-13T09:59:15.606Z,P2B-19,control,zh-TW,study,https://funnytools.win/tools/gpa-calculator/,Crawled Not Indexed,yes,yes,no,已檢索 - 目前尚未建立索引,INDEXING_ALLOWED,ALLOWED,SUCCESSFUL,2026-08-13T19:33:45Z,https://search.google.com/search-console/inspect?resource_id=sc-domain:funnytools.win&id=eHgvtlzfSZLsIh_y6mB0HA&utm_medium=link&utm_source=api,https://funnytools.win/tools/gpa-calculator/,https://funnytools.win/tools/gpa-calculator/,SELF_MATCH,dist/tools/gpa-calculator/index.html,40fd716cbc17b3527dc35f5a8b5576110e690eb98678c4608d4d610a2dff2502,b64c8d376040afd517766b559a0008dda79f8d1936660b13ee17acbdda022717,380,3282,GPA 計算器｜4.3 制學分加權試算 - FunnyTools,GPA 計算器,免費 GPA 計算器，輸入課程、學分與 A+ 到 F 字母成績，使用 4.3 制計算 GPA。 本工具可免費使用且不需註冊，輸入內容與檔案均在瀏覽器本機處理，不會主動上傳至 FunnyTools 免費線上工具箱 伺服器。,2026-09-03,51,1,工具互動區 GPA 制度 4.3 制 4.0 制 新增課程 複製結果 總學分 0.00 總績點 0.00 GPA -- 使用 4.3 制：A+=4.3、A=4.0、A-=3.7、B+=3.3、B=3.0、B-=2.7、C+=2.3、C=2.0、C-=1.7、D=1.0、F=0。 已複製 自願支持本站 ❤️ 這個工具有幫上忙嗎？ FunnyTools 希望所有
after,after-edit,2026-09-13T09:59:15.608Z,P2B-20,treatment,zh-TW,time,https://funnytools.win/tools/countdown-timer/,Crawled Not Indexed,yes,yes,no,已檢索 - 目前尚未建立索引,INDEXING_ALLOWED,ALLOWED,SUCCESSFUL,2026-08-14T02:47:43Z,https://search.google.com/search-console/inspect?resource_id=sc-domain:funnytools.win&id=dtf2QXcumOOQGykff8oDWw&utm_medium=link&utm_source=api,https://funnytools.win/tools/countdown-timer/,https://funnytools.win/tools/countdown-timer/,SELF_MATCH,dist/tools/countdown-timer/index.html,09f5bb15fd0eeff829b38a21e8f341389a2691966235b8c3a3bedb22c8c0713a,626d649c1b8cf191e2094fc876480f38c4e6377cf6217b8a334d27cbc9107ae6,213,2618,倒數計時器｜日期、時間與活動倒數 - FunnyTools,倒數計時器,免費線上倒數計時器，支援時分秒、目標日期時間、開始暫停重設、瀏覽器標題更新、時間到音效與提示。 本工具可免費使用且不需註冊，輸入內容與檔案均在瀏覽器本機處理，不會主動上傳至 FunnyTools 免費線上工具箱 伺服器。,2026-09-03,53,1,工具互動區 時長 目標時間 時 分 秒 目標日期與時間 準備開始 05:00 分:秒 開始 暫停 重設 自願支持本站 ❤️ 這個工具有幫上忙嗎？ FunnyTools 希望所有工具都能持續免費。 如果你剛好有購物需求，可以透過下面的分潤連結支持我們。你不需要多支付任何費用，我們可能會從符合條件的購買中獲得少量分潤。 部分連結為分潤連結。若您透過連結完成符合條
after,after-edit,2026-09-13T09:59:15.609Z,P2B-20,control,zh-TW,time,https://funnytools.win/tools/break-reminder/,Crawled Not Indexed,yes,yes,no,已檢索 - 目前尚未建立索引,INDEXING_ALLOWED,ALLOWED,SUCCESSFUL,2026-08-18T01:16:28Z,https://search.google.com/search-console/inspect?resource_id=sc-domain:funnytools.win&id=iT75hjqBLYNuyKV-_coKgw&utm_medium=link&utm_source=api,https://funnytools.win/tools/break-reminder/,https://funnytools.win/tools/break-reminder/,SELF_MATCH,dist/tools/break-reminder/index.html,e56f14c73eef7c412c4fa1cc17c82ac8cacfef53dbaf7443170968ecb656c01a,cc82fc01c88031d72434ae27a56e6f5dd9100c851fcfa7c65b27d6558f8b5790,216,2452,休息提醒｜免費螢幕休息間隔計時器 - FunnyTools,休息提醒,設定工作間隔與休息分鐘數，在瀏覽器中收到休息提醒，可選擇播放短提示音。 本工具可免費使用且不需註冊，輸入內容與檔案均在瀏覽器本機處理，不會主動上傳至 FunnyTools 免費線上工具箱 伺服器。,2026-09-02,48,1,工具互動區 工作間隔（分鐘） 休息長度（分鐘） 播放提示音 準備開始 50:00 0 提醒次數 開始 暫停 重設 自願支持本站 ❤️ 這個工具有幫上忙嗎？ FunnyTools 希望所有工具都能持續免費。 如果你剛好有購物需求，可以透過下面的分潤連結支持我們。你不需要多支付任何費用，我們可能會從符合條件的購買中獲得少量分潤。 部分連結為分潤連結。若您透過連結
