url,source_locale,http_status,final_url,redirect,title,description,h1_count,h1,canonical,canonical_self,robots,hreflang,lang,internal_link_count,broken_links,cross_locale_links,visible_language_mismatch,placeholder_or_editorial_leak,duplicate_title,duplicate_canonical,versions,error
https://funnytools.win/tools/class-rank-percentile-calculator/,zh,200,https://funnytools.win/tools/class-rank-percentile-calculator/,False,班級排名百分比計算器｜名次轉 PR - FunnyTools,依班級名次和總人數估算百分等級與前百分比，附公式與教育應用說明。 本工具可免費使用且不需註冊，輸入內容與檔案均在瀏覽器本機處理，不會主動上傳至 FunnyTools 免費線上工具箱 伺服器。,1,"[""排名百分比計算器""]",https://funnytools.win/tools/class-rank-percentile-calculator/,True,,"[{""lang"": ""zh-TW"", ""href"": ""https://funnytools.win/tools/class-rank-percentile-calculator/""}]",zh-Hant,40,[],[],False,False,False,False,"[""v5.147.1""]",
https://funnytools.win/tools/grade-average/,zh,200,https://funnytools.win/tools/grade-average/,False,成績平均計算器｜算成績平均、加權總分，附試算範例 - FunnyTools,免費成績平均計算器，貼上多筆考試、作業或小考分數與權重，立即算出總分、簡單平均與加權平均，教師甄試、學期成績試算都好用。 本工具可免費使用且不需註冊，輸入內容與檔案均在瀏覽器本機處理，不會主動上傳至 FunnyTools 免費線上工具箱 伺服器。,1,"[""成績平均計算器""]",https://funnytools.win/tools/grade-average/,True,,"[{""lang"": ""zh-TW"", ""href"": ""https://funnytools.win/tools/grade-average/""}]",zh-Hant,39,[],[],False,False,False,False,"[""v5.147.1""]",
https://funnytools.win/tools/independent-samples-t-test-calculator/,zh,200,https://funnytools.win/tools/independent-samples-t-test-calculator/,False,獨立樣本 t 檢定計算器｜Welch t test - FunnyTools,輸入兩組 N、平均數與標準差，計算 Welch 獨立樣本 t 檢定、自由度與雙尾 p 值。 本工具可免費使用且不需註冊，輸入內容與檔案均在瀏覽器本機處理，不會主動上傳至 FunnyTools 免費線上工具箱 伺服器。,1,"[""獨立樣本 t 檢定簡易計算器""]",https://funnytools.win/tools/independent-samples-t-test-calculator/,True,,"[{""lang"": ""zh-TW"", ""href"": ""https://funnytools.win/tools/independent-samples-t-test-calculator/""}]",zh-Hant,39,[],[],False,False,False,False,"[""v5.147.1""]",
https://funnytools.win/tools/percentile-rank-calculator/,zh,200,https://funnytools.win/tools/percentile-rank-calculator/,False,PR 百分等級計算器｜Percentile Rank 線上估算 - FunnyTools,輸入低於、同分與總人數，使用中點法計算 PR 百分等級，附公式、教育應用與研究報告提示。 本工具可免費使用且不需註冊，輸入內容與檔案均在瀏覽器本機處理，不會主動上傳至 FunnyTools 免費線上工具箱 伺服器。,1,"[""PR 百分等級計算器""]",https://funnytools.win/tools/percentile-rank-calculator/,True,,"[{""lang"": ""zh-TW"", ""href"": ""https://funnytools.win/tools/percentile-rank-calculator/""}]",zh-Hant,38,[],[],False,False,False,False,"[""v5.147.1""]",
https://funnytools.win/tools/random-name-picker/,zh,200,https://funnytools.win/tools/random-name-picker/,False,姓名抽籤｜免費隨機姓名抽選器線上工具 - FunnyTools,免費姓名抽籤工具，一行輸入一個名字，可抽一位或多位並自動移除，適合課堂點名、活動抽獎與團隊分工。 本工具可免費使用且不需註冊，輸入內容與檔案均在瀏覽器本機處理，不會主動上傳至 FunnyTools 免費線上工具箱 伺服器。,1,"[""隨機姓名抽選器""]",https://funnytools.win/tools/random-name-picker/,True,,"[{""lang"": ""zh-TW"", ""href"": ""https://funnytools.win/tools/random-name-picker/""}]",zh-Hant,33,[],[],False,False,False,False,"[""v5.147.1""]",
https://funnytools.win/tools/standard-deviation/,zh,200,https://funnytools.win/tools/standard-deviation/,False,標準差計算器｜平均數變異數與樣本標準差 - FunnyTools,輸入一組數字，計算平均、中位數、全距、母體與樣本變異數和標準差，適合班級成績與研究資料檢查。 本工具可免費使用且不需註冊，輸入內容與檔案均在瀏覽器本機處理，不會主動上傳至 FunnyTools 免費線上工具箱 伺服器。,1,"[""標準差計算器""]",https://funnytools.win/tools/standard-deviation/,True,,"[{""lang"": ""zh-TW"", ""href"": ""https://funnytools.win/tools/standard-deviation/""}]",zh-Hant,39,[],[],False,False,False,False,"[""v5.147.1""]",
https://funnytools.win/tools/t-score-calculator/,zh,200,https://funnytools.win/tools/t-score-calculator/,False,T分數換算器｜Z分數轉T分數公式與範例 - FunnyTools,T分數換算器：輸入Z分數，用 T = 50 + 10z 立即算出T分數，附教育測驗、班級成績與教師甄試換算範例。 本工具可免費使用且不需註冊，輸入內容與檔案均在瀏覽器本機處理，不會主動上傳至 FunnyTools 免費線上工具箱 伺服器。,1,"[""T 分數計算器""]",https://funnytools.win/tools/t-score-calculator/,True,,"[{""lang"": ""zh-TW"", ""href"": ""https://funnytools.win/tools/t-score-calculator/""}]",zh-Hant,41,[],[],False,False,False,False,"[""v5.147.1""]",
https://funnytools.win/tools/teacher-exam-score-converter/,zh,200,https://funnytools.win/tools/teacher-exam-score-converter/,False,教甄成績計算器｜免費試算筆試口試試教加權分數 - FunnyTools,免費教師甄試成績計算器，輸入筆試、口試、試教分數與權重，立即算出加權總成績，方便考生整理備考紀錄。 本工具可免費使用且不需註冊，輸入內容與檔案均在瀏覽器本機處理，不會主動上傳至 FunnyTools 免費線上工具箱 伺服器。,1,"[""教師甄試成績轉換模擬器""]",https://funnytools.win/tools/teacher-exam-score-converter/,True,,"[{""lang"": ""zh-TW"", ""href"": ""https://funnytools.win/tools/teacher-exam-score-converter/""}]",zh-Hant,41,[],[],False,False,False,False,"[""v5.147.1""]",
https://funnytools.win/tools/weighted-average-calculator/,zh,200,https://funnytools.win/tools/weighted-average-calculator/,False,加權平均計算器｜分數權重與平均公式 - FunnyTools,輸入多筆分數與權重，計算加權平均，適合成績、評分表、教師甄試與專題配分範例。 本工具可免費使用且不需註冊，輸入內容與檔案均在瀏覽器本機處理，不會主動上傳至 FunnyTools 免費線上工具箱 伺服器。,1,"[""加權平均計算器""]",https://funnytools.win/tools/weighted-average-calculator/,True,,"[{""lang"": ""zh-TW"", ""href"": ""https://funnytools.win/tools/weighted-average-calculator/""}]",zh-Hant,38,[],[],False,False,False,False,"[""v5.147.1""]",
https://funnytools.win/tools/z-score-calculator/,zh,200,https://funnytools.win/tools/z-score-calculator/,False,Z 分數計算器｜標準分數公式與班級成績解讀 - FunnyTools,輸入原始分數、平均數與標準差，計算 Z 分數並理解分數距離平均幾個標準差。 本工具可免費使用且不需註冊，輸入內容與檔案均在瀏覽器本機處理，不會主動上傳至 FunnyTools 免費線上工具箱 伺服器。,1,"[""Z 分數計算器""]",https://funnytools.win/tools/z-score-calculator/,True,,"[{""lang"": ""zh-TW"", ""href"": ""https://funnytools.win/tools/z-score-calculator/""}]",zh-Hant,38,[],[],False,False,False,False,"[""v5.147.1""]",
https://funnytools.win/,zh,200,https://funnytools.win/,False,FunnyTools 教育統計工具｜T 分數、PR、標準差與成績計算,免費使用 T 分數、Z 分數、百分等級、標準差、加權平均、班級排名、獨立樣本 t 檢定與教師甄試換算工具；另提供課堂隨機抽籤。免註冊、直接在瀏覽器使用，並附公式與解讀提醒。,1,"[""教育統計、成績換算與課堂抽籤工具""]",https://funnytools.win/,True,,"[{""lang"": ""zh-TW"", ""href"": ""https://funnytools.win/""}]",zh-Hant,37,[],[],False,False,False,False,"[""v5.147.1""]",
https://funnytools.win/about/,zh,200,https://funnytools.win/about/,False,關於我們｜免費線上工具箱簡介 - FunnyTools,了解 FunnyTools 免費線上工具箱的網站定位、工具原則、資料處理方式與目前涵蓋的工具分類。本站工具可免費使用且不需註冊，並優先採用瀏覽器本機處理，協助你安全完成日常工作、學習與檔案任務。,1,"[""關於 FunnyTools 免費線上工具箱""]",https://funnytools.win/about/,True,,"[{""lang"": ""zh-TW"", ""href"": ""https://funnytools.win/about/""}]",zh-Hant,22,[],[],False,False,False,False,"[""v5.147.1""]",
https://funnytools.win/category/statistics/,zh,200,https://funnytools.win/category/statistics/,False,教育與統計免費工具｜標準差、百分比、平均計算 - FunnyTools,免費統計與教育計算工具：標準差、變異數、平均、中位數與百分比計算。瀏覽器本機運算、完全免註冊，適合學生自主學習、作業、教學研究與基礎資料分析。,1,"[""📊 教育與統計免費工具""]",https://funnytools.win/category/statistics/,True,,"[{""lang"": ""zh-TW"", ""href"": ""https://funnytools.win/category/statistics/""}]",zh-Hant,36,[],[],False,False,False,False,"[""v5.147.1""]",
https://funnytools.win/contact/,zh,200,https://funnytools.win/contact/,False,聯絡我們｜問題回報與工具建議 - FunnyTools,提供 FunnyTools 免費線上工具箱的聯絡方式與回饋管道。你可以回報工具錯誤、提出新工具建議或反映網站內容問題；來信時若附上頁面網址、操作步驟、裝置與瀏覽器資訊，將更容易確認問題。,1,"[""聯絡我們""]",https://funnytools.win/contact/,True,,"[{""lang"": ""zh-TW"", ""href"": ""https://funnytools.win/contact/""}]",zh-Hant,22,[],[],False,False,False,False,"[""v5.147.1""]",
https://funnytools.win/disclaimer/,zh,200,https://funnytools.win/disclaimer/,False,免責聲明｜工具結果僅供參考 - FunnyTools,了解 FunnyTools 免費線上工具箱的結果限制與使用者責任。薪資、貸款、統計、隨機及其他工具僅供一般參考，不構成法律、醫療、投資、稅務或會計建議，正式決策請查證官方資料。,1,"[""免責聲明""]",https://funnytools.win/disclaimer/,True,,"[{""lang"": ""zh-TW"", ""href"": ""https://funnytools.win/disclaimer/""}]",zh-Hant,22,[],[],False,False,False,False,"[""v5.147.1""]",
https://funnytools.win/education-statistics/,zh,200,https://funnytools.win/education-statistics/,False,教育與統計工具中心 | 成績、試題分析與研究工具 - FunnyTools,免費教育與統計工具中心，整理成績規劃、試題難度與鑑別度、KR-20、標準差、T 分數、Z 分數、APA 7 報告與 SPSS 結果解讀流程。,1,"[""教育與統計工具中心""]",https://funnytools.win/education-statistics/,True,,"[{""lang"": ""zh-TW"", ""href"": ""https://funnytools.win/education-statistics/""}]",zh-Hant,38,[],[],False,False,False,False,"[""v5.147.1""]",
https://funnytools.win/guides/t-score-calculator-guide/,zh,200,https://funnytools.win/guides/t-score-calculator-guide/,False,T分數換算怎麼算？公式、Z分數轉換與教師甄試解讀 - FunnyTools,T 分數教學說明平均數、標準差、Z 分數轉換與常見判讀方式，適合教師考試、教育測驗與研究報告前先檢查公式、保存範例並確認解讀脈絡。 本頁補充工具連結、操作步驟、常見錯誤與檢查方向，方便正式使用前快速核對。,1,"[""T 分數怎麼算？教師甄試與教育測驗的完整指南""]",https://funnytools.win/guides/t-score-calculator-guide/,True,,"[{""lang"": ""zh-TW"", ""href"": ""https://funnytools.win/guides/t-score-calculator-guide/""}]",zh-Hant,34,[],[],False,False,False,False,"[""v5.147.1""]",
https://funnytools.win/privacy/,zh,200,https://funnytools.win/privacy/,False,隱私權政策｜資料處理與 Cookie 說明 - FunnyTools,說明 FunnyTools 免費線上工具箱如何處理使用者輸入、瀏覽器本機計算、localStorage、第三方連結與未來可能使用的廣告 Cookie，並整理資料安全提醒、使用者權利及聯絡方式。,1,"[""隱私權政策""]",https://funnytools.win/privacy/,True,,"[{""lang"": ""zh-TW"", ""href"": ""https://funnytools.win/privacy/""}]",zh-Hant,22,[],[],False,False,False,False,"[""v5.147.1""]",
https://funnytools.win/support/,zh,200,https://funnytools.win/support/,False,支持 FunnyTools｜免費工具網站營運支持,FunnyTools 提供免費線上工具，無需安裝也不需註冊。你可以透過分享網站、回報問題、建議新工具，或使用推薦資源連結，支持本站持續營運與更新。,1,"[""支持 FunnyTools 持續提供免費工具""]",https://funnytools.win/support/,True,"index, follow","[{""lang"": ""zh-TW"", ""href"": ""https://funnytools.win/support/""}]",zh-Hant,25,[],[],False,False,False,False,"[""v5.147.1""]",
https://funnytools.win/terms/,zh,200,https://funnytools.win/terms/,False,使用條款｜服務範圍與責任限制 - FunnyTools,閱讀 FunnyTools 免費線上工具箱的使用條款與基本使用規則，包含服務範圍、使用者責任、可接受使用方式、智慧財產權、第三方服務與責任限制，使用網站前請先確認相關內容。,1,"[""使用條款""]",https://funnytools.win/terms/,True,,"[{""lang"": ""zh-TW"", ""href"": ""https://funnytools.win/terms/""}]",zh-Hant,22,[],[],False,False,False,False,"[""v5.147.1""]",
