url,tool_slug,locale,content_cluster,functional_signature,google_status,google_known,google_crawled,google_indexed,coverage_state,last_crawl_time,google_canonical,user_canonical,canonical_category,internal_link_count,crawl_depth,value_score,search_28_clicks,search_28_impressions,search_28_position,referring_url_count,sitemap_count,inspection_result_link
https://funnytools.win/tools/age-calculator/,age-calculator,zh-TW,time,calculate|age|age|calculated-result|age|general,Crawled Not Indexed,yes,yes,no,已檢索 - 目前尚未建立索引,2026-08-04T08:59:48Z,https://funnytools.win/tools/age-calculator/,https://funnytools.win/tools/age-calculator/,SELF_MATCH,48,1,,,,,3,0,https://search.google.com/search-console/inspect?resource_id=sc-domain:funnytools.win&id=uyKz7KEqEANiYAs0B98CPA&utm_medium=link&utm_source=api
https://funnytools.win/tools/apa-7-report-generator/,apa-7-report-generator,zh-TW,statistics,generate|apa-7-report|apa-7-report|generated-result|apa-7-report|general,Crawled Not Indexed,yes,yes,no,已檢索 - 目前尚未建立索引,2026-08-05T07:58:07Z,https://funnytools.win/tools/apa-7-report-generator/,https://funnytools.win/tools/apa-7-report-generator/,SELF_MATCH,51,1,,,,,1,0,https://search.google.com/search-console/inspect?resource_id=sc-domain:funnytools.win&id=XD3GDhxbf4JQH0HzV7eAzw&utm_medium=link&utm_source=api
https://funnytools.win/tools/bar-chart-maker/,bar-chart-maker,zh-TW,draw,create|bar-chart|bar-chart|created-artifact|bar-chart|general,Crawled Not Indexed,yes,yes,no,已檢索 - 目前尚未建立索引,2026-08-13T18:43:24Z,https://funnytools.win/tools/bar-chart-maker/,https://funnytools.win/tools/bar-chart-maker/,SELF_MATCH,51,1,,0,1,93,2,0,https://search.google.com/search-console/inspect?resource_id=sc-domain:funnytools.win&id=MOyetCt1lUcLc5GJtPULrw&utm_medium=link&utm_source=api
https://funnytools.win/tools/barcode-generator/,barcode-generator,zh-TW,image,generate|barcode|barcode|generated-result|barcode|general,Unknown,no,unknown,unknown,Google 無法辨識的網址,,,,GOOGLE_CANONICAL_ABSENT,53,1,,,,,0,0,https://search.google.com/search-console/inspect?resource_id=sc-domain:funnytools.win&id=Fe08BqJ3lH5j039E_42hMw&utm_medium=link&utm_source=api
https://funnytools.win/tools/base64/,base64,zh-TW,text,use|base64|base64|tool-result|base64|general,Crawled Not Indexed,yes,yes,no,已檢索 - 目前尚未建立索引,2026-08-21T15:50:49Z,https://funnytools.win/tools/base64/,https://funnytools.win/tools/base64/,SELF_MATCH,49,1,,0,1,100,3,0,https://search.google.com/search-console/inspect?resource_id=sc-domain:funnytools.win&id=yexXyvL5trssHkFtNm4UNw&utm_medium=link&utm_source=api
https://funnytools.win/tools/break-reminder/,break-reminder,zh-TW,time,use|break-reminder|break-reminder|tool-result|break-reminder|general,Crawled Not Indexed,yes,yes,no,已檢索 - 目前尚未建立索引,2026-08-18T01:16:28Z,https://funnytools.win/tools/break-reminder/,https://funnytools.win/tools/break-reminder/,SELF_MATCH,48,1,,,,,2,0,https://search.google.com/search-console/inspect?resource_id=sc-domain:funnytools.win&id=iT75hjqBLYNuyKV-_coKgw&utm_medium=link&utm_source=api
https://funnytools.win/tools/bulk-image-compressor/,bulk-image-compressor,zh-TW,image,compress|bulk-image-compressor|bulk-image-compressor|smaller-file|bulk-image-compressor|general,Unknown,no,unknown,unknown,Google 無法辨識的網址,,,,GOOGLE_CANONICAL_ABSENT,44,1,,,,,0,0,https://search.google.com/search-console/inspect?resource_id=sc-domain:funnytools.win&id=IeyeY_GG3eLERjjovHV-ow&utm_medium=link&utm_source=api
https://funnytools.win/tools/business-days/,business-days,zh-TW,time,use|business-days|business-days|tool-result|business-days|general,Crawled Not Indexed,yes,yes,no,已檢索 - 目前尚未建立索引,2026-08-20T15:12:32Z,https://funnytools.win/tools/business-days/,https://funnytools.win/tools/business-days/,SELF_MATCH,52,1,,,,,3,0,https://search.google.com/search-console/inspect?resource_id=sc-domain:funnytools.win&id=UW0tKoGgHLty7xhwTSiMUQ&utm_medium=link&utm_source=api
https://funnytools.win/tools/cad-2d/,cad-2d,zh-TW,draw,use|cad-2d|cad-2d|tool-result|cad-2d|general,Crawled Not Indexed,yes,yes,no,已檢索 - 目前尚未建立索引,2026-08-10T02:39:59Z,https://funnytools.win/tools/cad-2d/,https://funnytools.win/tools/cad-2d/,SELF_MATCH,50,1,,,,,3,0,https://search.google.com/search-console/inspect?resource_id=sc-domain:funnytools.win&id=ieW-0ilXVuE7QiD0IMMdKg&utm_medium=link&utm_source=api
https://funnytools.win/tools/case-converter/,case-converter,zh-TW,text,use|case-converter|case-converter|tool-result|case-converter|general,Crawled Not Indexed,yes,yes,no,已檢索 - 目前尚未建立索引,2026-08-21T06:05:47Z,https://funnytools.win/tools/case-converter/,https://funnytools.win/tools/case-converter/,SELF_MATCH,53,1,,,,,2,0,https://search.google.com/search-console/inspect?resource_id=sc-domain:funnytools.win&id=U5pUPykia1ec5UutYfjXxw&utm_medium=link&utm_source=api
https://funnytools.win/tools/character-counter/,character-counter,zh-TW,text,count|character-counter|character-counter|count|character-counter|general,Unknown,no,unknown,unknown,Google 無法辨識的網址,,,,GOOGLE_CANONICAL_ABSENT,53,1,,,,,0,0,https://search.google.com/search-console/inspect?resource_id=sc-domain:funnytools.win&id=8TC-grlZWaVtz0Z4U_cceQ&utm_medium=link&utm_source=api
https://funnytools.win/tools/class-rank-percentile-calculator/,class-rank-percentile-calculator,zh-TW,statistics,calculate|class-rank-percentile|class-rank-percentile|calculated-result|class-rank-percentile|general,Crawled Not Indexed,yes,yes,no,已檢索 - 目前尚未建立索引,2026-08-19T01:54:04Z,https://funnytools.win/tools/class-rank-percentile-calculator/,https://funnytools.win/tools/class-rank-percentile-calculator/,SELF_MATCH,48,1,,,,,2,0,https://search.google.com/search-console/inspect?resource_id=sc-domain:funnytools.win&id=RUYOaa1S0ZKkWXCv80Ahew&utm_medium=link&utm_source=api
https://funnytools.win/tools/color-generator/,color-generator,zh-TW,random,generate|color|color|generated-result|color|general,Crawled Not Indexed,yes,yes,no,已檢索 - 目前尚未建立索引,2026-08-13T14:37:00Z,https://funnytools.win/tools/color-generator/,https://funnytools.win/tools/color-generator/,SELF_MATCH,48,1,,,,,2,0,https://search.google.com/search-console/inspect?resource_id=sc-domain:funnytools.win&id=MAIjnXopP67QwCjps2CYyA&utm_medium=link&utm_source=api
https://funnytools.win/tools/compound-interest/,compound-interest,zh-TW,money,use|compound-interest|compound-interest|tool-result|compound-interest|general,Crawled Not Indexed,yes,yes,no,已檢索 - 目前尚未建立索引,2026-08-30T04:34:55Z,https://funnytools.win/tools/compound-interest/,https://funnytools.win/tools/compound-interest/,SELF_MATCH,47,1,,,,,3,0,https://search.google.com/search-console/inspect?resource_id=sc-domain:funnytools.win&id=hnSYD1dGWfLQZrFT0QFAYQ&utm_medium=link&utm_source=api
https://funnytools.win/tools/countdown-timer/,countdown-timer,zh-TW,time,use|countdown-timer|countdown-timer|tool-result|countdown-timer|general,Crawled Not Indexed,yes,yes,no,已檢索 - 目前尚未建立索引,2026-08-14T02:47:43Z,https://funnytools.win/tools/countdown-timer/,https://funnytools.win/tools/countdown-timer/,SELF_MATCH,53,1,,0,1,86,3,0,https://search.google.com/search-console/inspect?resource_id=sc-domain:funnytools.win&id=dtf2QXcumOOQGykff8oDWw&utm_medium=link&utm_source=api
https://funnytools.win/tools/cronbach-alpha-calculator/,cronbach-alpha-calculator,zh-TW,statistics,calculate|cronbach-alpha|cronbach-alpha|calculated-result|cronbach-alpha|general,Crawled Not Indexed,yes,yes,no,已檢索 - 目前尚未建立索引,2026-08-18T22:35:45Z,https://funnytools.win/tools/cronbach-alpha-calculator/,https://funnytools.win/tools/cronbach-alpha-calculator/,SELF_MATCH,47,1,,0,1,76,2,0,https://search.google.com/search-console/inspect?resource_id=sc-domain:funnytools.win&id=-6-cqvB0o8PzmgS3Ko4gSw&utm_medium=link&utm_source=api
https://funnytools.win/tools/csv-to-json/,csv-to-json,zh-TW,text,convert|csv|json|json-data|data-format-conversion|general,Crawled Not Indexed,yes,yes,no,已檢索 - 目前尚未建立索引,2026-08-18T22:09:13Z,https://funnytools.win/tools/csv-to-json/,https://funnytools.win/tools/csv-to-json/,SELF_MATCH,51,1,,,,,3,0,https://search.google.com/search-console/inspect?resource_id=sc-domain:funnytools.win&id=eUY-jwE9oav13M851R8G0Q&utm_medium=link&utm_source=api
https://funnytools.win/tools/date-difference/,date-difference,zh-TW,time,use|date-difference|date-difference|tool-result|date-difference|general,Crawled Not Indexed,yes,yes,no,已檢索 - 目前尚未建立索引,2026-08-14T02:47:42Z,https://funnytools.win/tools/date-difference/,https://funnytools.win/tools/date-difference/,SELF_MATCH,51,1,,,,,3,0,https://search.google.com/search-console/inspect?resource_id=sc-domain:funnytools.win&id=09XNjY5gjHxTkb4-PwWNAw&utm_medium=link&utm_source=api
https://funnytools.win/tools/delete-pdf-pages/,delete-pdf-pages,zh-TW,pdf,delete|pdf|pdf|remove-selected-pages|pdf-page-editing|general,Crawled Not Indexed,yes,yes,no,已檢索 - 目前尚未建立索引,2026-08-19T10:39:04Z,https://funnytools.win/tools/delete-pdf-pages/,https://funnytools.win/tools/delete-pdf-pages/,SELF_MATCH,49,1,,,,,3,0,https://search.google.com/search-console/inspect?resource_id=sc-domain:funnytools.win&id=HXxKmRbkoencDLq_esP7YQ&utm_medium=link&utm_source=api
https://funnytools.win/tools/dice-roller/,dice-roller,zh-TW,random,generate|dice-roller|dice-roller|generated-result|dice-roller|general,Crawled Not Indexed,yes,yes,no,已檢索 - 目前尚未建立索引,2026-08-08T13:50:54Z,https://funnytools.win/tools/dice-roller/,https://funnytools.win/tools/dice-roller/,SELF_MATCH,51,1,,,,,2,0,https://search.google.com/search-console/inspect?resource_id=sc-domain:funnytools.win&id=xMbRbAnnX_lVXasVLoz71A&utm_medium=link&utm_source=api
https://funnytools.win/tools/extract-pdf-pages/,extract-pdf-pages,zh-TW,pdf,extract|pdf|pdf|new-document-from-selected-pages|pdf-page-editing|general,Crawled Not Indexed,yes,yes,no,已檢索 - 目前尚未建立索引,2026-08-19T11:16:34Z,https://funnytools.win/tools/extract-pdf-pages/,https://funnytools.win/tools/extract-pdf-pages/,SELF_MATCH,51,1,,,,,2,0,https://search.google.com/search-console/inspect?resource_id=sc-domain:funnytools.win&id=SKyUhtol4UgdzH-ef0zoBQ&utm_medium=link&utm_source=api
https://funnytools.win/tools/flowchart/,flowchart,zh-TW,draw,create|flowchart|flowchart|created-artifact|flowchart|general,Crawled Not Indexed,yes,yes,no,已檢索 - 目前尚未建立索引,2026-08-17T00:46:24Z,https://funnytools.win/tools/flowchart/,https://funnytools.win/tools/flowchart/,SELF_MATCH,51,1,,,,,2,0,https://search.google.com/search-console/inspect?resource_id=sc-domain:funnytools.win&id=J3RGx686wI_CRyABtc8xlA&utm_medium=link&utm_source=api
https://funnytools.win/tools/gpa-calculator/,gpa-calculator,zh-TW,study,calculate|gpa|gpa|calculated-result|gpa|general,Crawled Not Indexed,yes,yes,no,已檢索 - 目前尚未建立索引,2026-08-13T19:33:45Z,https://funnytools.win/tools/gpa-calculator/,https://funnytools.win/tools/gpa-calculator/,SELF_MATCH,51,1,,,,,3,0,https://search.google.com/search-console/inspect?resource_id=sc-domain:funnytools.win&id=eHgvtlzfSZLsIh_y6mB0HA&utm_medium=link&utm_source=api
https://funnytools.win/tools/grade-average/,grade-average,zh-TW,statistics,calculate|grades|average-grade|grade-average|grade-calculation|general,Crawled Not Indexed,yes,yes,no,已檢索 - 目前尚未建立索引,2026-09-04T14:49:37Z,https://funnytools.win/tools/grade-average/,https://funnytools.win/tools/grade-average/,SELF_MATCH,53,1,,,,,3,0,https://search.google.com/search-console/inspect?resource_id=sc-domain:funnytools.win&id=OpqTYbSTyFLHHVOWNypyXg&utm_medium=link&utm_source=api
https://funnytools.win/tools/group-generator/,group-generator,zh-TW,study,generate|group|group|generated-result|group|general,Crawled Not Indexed,yes,yes,no,已檢索 - 目前尚未建立索引,2026-08-16T03:49:08Z,https://funnytools.win/tools/group-generator/,https://funnytools.win/tools/group-generator/,SELF_MATCH,52,1,,,,,3,0,https://search.google.com/search-console/inspect?resource_id=sc-domain:funnytools.win&id=YiCoO93STxNLdsBnKpb_XA&utm_medium=link&utm_source=api
https://funnytools.win/tools/image-compressor/,image-compressor,zh-TW,image,compress|image-compressor|image-compressor|smaller-file|image-compressor|general,Unknown,no,unknown,unknown,Google 無法辨識的網址,,,,GOOGLE_CANONICAL_ABSENT,53,1,,,,,0,0,https://search.google.com/search-console/inspect?resource_id=sc-domain:funnytools.win&id=A2mHdNr-i_KkvYKY2N_w8A&utm_medium=link&utm_source=api
https://funnytools.win/tools/image-crop/,image-crop,zh-TW,image,transform|image-crop|image-crop|transformed-output|image-crop|general,Unknown,no,unknown,unknown,Google 無法辨識的網址,,,,GOOGLE_CANONICAL_ABSENT,51,1,,,,,0,0,https://search.google.com/search-console/inspect?resource_id=sc-domain:funnytools.win&id=s1YDBqYks4AJlTGeC74aUg&utm_medium=link&utm_source=api
https://funnytools.win/tools/image-resizer/,image-resizer,zh-TW,image,transform|image-resizer|image-resizer|transformed-output|image-resizer|general,Crawled Not Indexed,yes,yes,no,已檢索 - 目前尚未建立索引,2026-08-21T12:12:53Z,https://funnytools.win/tools/image-resizer/,https://funnytools.win/tools/image-resizer/,SELF_MATCH,53,1,,,,,3,0,https://search.google.com/search-console/inspect?resource_id=sc-domain:funnytools.win&id=KcCxGe5jaAJOMC1fuQWY9w&utm_medium=link&utm_source=api
https://funnytools.win/tools/image-rotate-flip/,image-rotate-flip,zh-TW,image,transform|image-rotate-flip|image-rotate-flip|transformed-output|image-rotate-flip|general,Crawled Not Indexed,yes,yes,no,已檢索 - 目前尚未建立索引,2026-08-13T00:55:12Z,https://funnytools.win/tools/image-rotate-flip/,https://funnytools.win/tools/image-rotate-flip/,SELF_MATCH,48,1,,,,,2,0,https://search.google.com/search-console/inspect?resource_id=sc-domain:funnytools.win&id=biSJR31AQCVkVn1wt1f4XQ&utm_medium=link&utm_source=api
https://funnytools.win/tools/image-to-base64/,image-to-base64,zh-TW,image,convert|image|base64|base64-output|directional-conversion|general,Unknown,no,unknown,unknown,Google 無法辨識的網址,,,,GOOGLE_CANONICAL_ABSENT,49,1,,,,,0,0,https://search.google.com/search-console/inspect?resource_id=sc-domain:funnytools.win&id=uDMq5x_RKNyFyVY5nttEmA&utm_medium=link&utm_source=api
https://funnytools.win/tools/image-to-dxf/,image-to-dxf,zh-TW,draw,convert|image|dxf|dxf-output|directional-conversion|general,Unknown,no,unknown,unknown,Google 無法辨識的網址,,,,GOOGLE_CANONICAL_ABSENT,44,1,,,,,0,0,https://search.google.com/search-console/inspect?resource_id=sc-domain:funnytools.win&id=Tn9DvouXxWTfe7gqJSyxeQ&utm_medium=link&utm_source=api
https://funnytools.win/tools/images-to-pdf/,images-to-pdf,zh-TW,pdf,convert|images|pdf|pdf-output|directional-conversion|general,Crawled Not Indexed,yes,yes,no,已檢索 - 目前尚未建立索引,2026-08-30T04:42:19Z,https://funnytools.win/tools/images-to-pdf/,https://funnytools.win/tools/images-to-pdf/,SELF_MATCH,51,1,,,,,2,0,https://search.google.com/search-console/inspect?resource_id=sc-domain:funnytools.win&id=e1hodt_IUYWdhWZokef3Jw&utm_medium=link&utm_source=api
https://funnytools.win/tools/independent-samples-t-test-calculator/,independent-samples-t-test-calculator,zh-TW,statistics,calculate|independent-samples-t-test|independent-samples-t-test|calculated-result|independent-samples-t-test|general,Crawled Not Indexed,yes,yes,no,已檢索 - 目前尚未建立索引,2026-08-20T16:57:58Z,https://funnytools.win/tools/independent-samples-t-test-calculator/,https://funnytools.win/tools/independent-samples-t-test-calculator/,SELF_MATCH,51,1,,,,,2,0,https://search.google.com/search-console/inspect?resource_id=sc-domain:funnytools.win&id=jYq9Eg2Vdrw5C8RzfjT3-w&utm_medium=link&utm_source=api
https://funnytools.win/tools/inflation/,inflation,zh-TW,money,use|inflation|inflation|tool-result|inflation|general,Crawled Not Indexed,yes,yes,no,已檢索 - 目前尚未建立索引,2026-09-04T15:50:56Z,https://funnytools.win/tools/inflation/,https://funnytools.win/tools/inflation/,SELF_MATCH,47,1,,,,,2,0,https://search.google.com/search-console/inspect?resource_id=sc-domain:funnytools.win&id=dtoAFnIIYiT2MOttPFcqdg&utm_medium=link&utm_source=api
https://funnytools.win/tools/jpg-to-png/,jpg-to-png,zh-TW,image,convert|jpg|png|png-file|image-format-conversion|general,Crawled Not Indexed,yes,yes,no,已檢索 - 目前尚未建立索引,2026-07-17T10:39:30Z,https://funnytools.win/tools/jpg-to-png/,https://funnytools.win/tools/jpg-to-png/,SELF_MATCH,49,1,,,,,2,0,https://search.google.com/search-console/inspect?resource_id=sc-domain:funnytools.win&id=U6un46WMh9vbMdwyXwkPAQ&utm_medium=link&utm_source=api
https://funnytools.win/tools/jpg-to-webp/,jpg-to-webp,zh-TW,image,convert|jpg|webp|webp-file|image-format-conversion|general,Crawled Not Indexed,yes,yes,no,已檢索 - 目前尚未建立索引,2026-07-31T20:18:32Z,https://funnytools.win/tools/jpg-to-webp/,https://funnytools.win/tools/jpg-to-webp/,SELF_MATCH,51,1,,,,,3,0,https://search.google.com/search-console/inspect?resource_id=sc-domain:funnytools.win&id=ehyyckdGW6esaH4kkzfAtA&utm_medium=link&utm_source=api
https://funnytools.win/tools/json-formatter/,json-formatter,zh-TW,text,format|json-formatter|json-formatter|formatted-output|json-formatter|general,Crawled Not Indexed,yes,yes,no,已檢索 - 目前尚未建立索引,2026-08-13T03:14:50Z,https://funnytools.win/tools/json-formatter/,https://funnytools.win/tools/json-formatter/,SELF_MATCH,51,1,,,,,3,0,https://search.google.com/search-console/inspect?resource_id=sc-domain:funnytools.win&id=vC3zD8k7R7tPKLlJc-VHig&utm_medium=link&utm_source=api
https://funnytools.win/tools/json-to-csv/,json-to-csv,zh-TW,text,convert|json|csv|csv-data|data-format-conversion|general,Crawled Not Indexed,yes,yes,no,已檢索 - 目前尚未建立索引,2026-08-22T00:39:55Z,https://funnytools.win/tools/json-to-csv/,https://funnytools.win/tools/json-to-csv/,SELF_MATCH,50,1,,,,,4,0,https://search.google.com/search-console/inspect?resource_id=sc-domain:funnytools.win&id=QHhZEMJXFVl8BShxiL-gUw&utm_medium=link&utm_source=api
https://funnytools.win/tools/markdown-previewer/,markdown-previewer,zh-TW,text,preview|markdown-previewer|markdown-previewer|preview|markdown-previewer|general,Crawled Not Indexed,yes,yes,no,已檢索 - 目前尚未建立索引,2026-08-18T22:51:31Z,https://funnytools.win/tools/markdown-previewer/,https://funnytools.win/tools/markdown-previewer/,SELF_MATCH,48,1,,,,,2,0,https://search.google.com/search-console/inspect?resource_id=sc-domain:funnytools.win&id=4nSWyvT5WqHPXSkZlIm4fA&utm_medium=link&utm_source=api
https://funnytools.win/tools/merge-pdf/,merge-pdf,zh-TW,pdf,merge|pdf-files|pdf|combined-document|pdf-document-assembly|general,Crawled Not Indexed,yes,yes,no,已檢索 - 目前尚未建立索引,2026-08-13T18:51:52Z,https://funnytools.win/tools/merge-pdf/,https://funnytools.win/tools/merge-pdf/,SELF_MATCH,53,1,,,,,4,0,https://search.google.com/search-console/inspect?resource_id=sc-domain:funnytools.win&id=hBAGLZtQ30PwZtnQ7mSlVw&utm_medium=link&utm_source=api
https://funnytools.win/tools/mortgage-payment/,mortgage-payment,zh-TW,money,use|mortgage-payment|mortgage-payment|tool-result|mortgage-payment|general,Crawled Not Indexed,yes,yes,no,已檢索 - 目前尚未建立索引,2026-08-16T14:55:56Z,https://funnytools.win/tools/mortgage-payment/,https://funnytools.win/tools/mortgage-payment/,SELF_MATCH,47,1,,,,,2,0,https://search.google.com/search-console/inspect?resource_id=sc-domain:funnytools.win&id=aXROyFWi0U7OZ6giD9wOWQ&utm_medium=link&utm_source=api
https://funnytools.win/tools/net-salary/,net-salary,zh-TW,money,calculate|net-salary|net-salary|calculated-result|net-salary|general,Unknown,no,unknown,unknown,Google 無法辨識的網址,,,,GOOGLE_CANONICAL_ABSENT,47,1,,,,,0,0,https://search.google.com/search-console/inspect?resource_id=sc-domain:funnytools.win&id=r4HdpoIABCRez58YOSFYGA&utm_medium=link&utm_source=api
https://funnytools.win/tools/normalized-score-converter/,normalized-score-converter,zh-TW,statistics,convert|raw-score-and-target-scale|standardized-score|normalized-score|score-standardization|general,Crawled Not Indexed,yes,yes,no,已檢索 - 目前尚未建立索引,2026-08-16T05:04:08Z,https://funnytools.win/tools/normalized-score-converter/,https://funnytools.win/tools/normalized-score-converter/,SELF_MATCH,46,1,,,,,3,0,https://search.google.com/search-console/inspect?resource_id=sc-domain:funnytools.win&id=ZJz6Oa4OaxXw3rwttdcjtw&utm_medium=link&utm_source=api
https://funnytools.win/tools/overtime-pay/,overtime-pay,zh-TW,money,use|overtime-pay|overtime-pay|tool-result|overtime-pay|general,Crawled Not Indexed,yes,yes,no,已檢索 - 目前尚未建立索引,2026-08-14T02:48:49Z,https://funnytools.win/tools/overtime-pay/,https://funnytools.win/tools/overtime-pay/,SELF_MATCH,47,1,,,,,2,0,https://search.google.com/search-console/inspect?resource_id=sc-domain:funnytools.win&id=ImLeu-P5suPv2cyoRvwEcg&utm_medium=link&utm_source=api
https://funnytools.win/tools/password-generator/,password-generator,zh-TW,random,generate|password|password|generated-result|password|general,Unknown,no,unknown,unknown,Google 無法辨識的網址,,,,GOOGLE_CANONICAL_ABSENT,51,1,,,,,0,0,https://search.google.com/search-console/inspect?resource_id=sc-domain:funnytools.win&id=GJVvT3L9r42gTdZEDctu8A&utm_medium=link&utm_source=api
https://funnytools.win/tools/pdf-compressor/,pdf-compressor,zh-TW,pdf,compress|pdf-compressor|pdf-compressor|smaller-file|pdf-compressor|general,Crawled Not Indexed,yes,yes,no,已檢索 - 目前尚未建立索引,2026-08-10T06:30:16Z,https://funnytools.win/tools/pdf-compressor/,https://funnytools.win/tools/pdf-compressor/,SELF_MATCH,52,1,,,,,2,0,https://search.google.com/search-console/inspect?resource_id=sc-domain:funnytools.win&id=E8n6csp7nk5koKyy6KtX_g&utm_medium=link&utm_source=api
https://funnytools.win/tools/pdf-page-reorder/,pdf-page-reorder,zh-TW,pdf,reorder|pdf|pdf|reordered-document|pdf-page-editing|general,Crawled Not Indexed,yes,yes,no,已檢索 - 目前尚未建立索引,2026-08-09T03:49:08Z,https://funnytools.win/tools/pdf-page-reorder/,https://funnytools.win/tools/pdf-page-reorder/,SELF_MATCH,51,1,,,,,3,0,https://search.google.com/search-console/inspect?resource_id=sc-domain:funnytools.win&id=bUHNdlmrP3E1Q6q21CwzRA&utm_medium=link&utm_source=api
https://funnytools.win/tools/pdf-table-to-excel/,pdf-table-to-excel,zh-TW,pdf,convert|pdf-table|excel|spreadsheet-data|table-extraction|general,Unknown,no,unknown,unknown,Google 無法辨識的網址,,,,GOOGLE_CANONICAL_ABSENT,46,1,,,,,0,0,https://search.google.com/search-console/inspect?resource_id=sc-domain:funnytools.win&id=4sGgmsGbEbq8PukkNe9QXg&utm_medium=link&utm_source=api
https://funnytools.win/tools/pdf-to-image/,pdf-to-image,zh-TW,pdf,convert|pdf|image|image-files|pdf-rendering|general,Unknown,no,unknown,unknown,Google 無法辨識的網址,,,,GOOGLE_CANONICAL_ABSENT,51,1,,,,,0,0,https://search.google.com/search-console/inspect?resource_id=sc-domain:funnytools.win&id=UHSfGOmjtw02I6KgocaNUQ&utm_medium=link&utm_source=api
https://funnytools.win/tools/pdf-to-word/,pdf-to-word,zh-TW,pdf,convert|pdf|word|word-document|document-conversion|general,Unknown,no,unknown,unknown,Google 無法辨識的網址,,,,GOOGLE_CANONICAL_ABSENT,48,1,,,,,0,0,https://search.google.com/search-console/inspect?resource_id=sc-domain:funnytools.win&id=OLMYEoGgNpvroEI5OPT13g&utm_medium=link&utm_source=api
https://funnytools.win/tools/percentage-calculator/,percentage-calculator,zh-TW,statistics,calculate|percentage|percentage|calculated-result|percentage|general,Crawled Not Indexed,yes,yes,no,已檢索 - 目前尚未建立索引,2026-08-05T23:14:21Z,https://funnytools.win/tools/percentage-calculator/,https://funnytools.win/tools/percentage-calculator/,SELF_MATCH,52,1,,,,,3,0,https://search.google.com/search-console/inspect?resource_id=sc-domain:funnytools.win&id=eCapd7suVSgCUZ8b23CgOg&utm_medium=link&utm_source=api
https://funnytools.win/tools/percentile-rank-calculator/,percentile-rank-calculator,zh-TW,statistics,calculate|score-and-distribution|rank|percentile-rank|rank-calculation|general,Crawled Not Indexed,yes,yes,no,已檢索 - 目前尚未建立索引,2026-08-11T09:48:06Z,https://funnytools.win/tools/percentile-rank-calculator/,https://funnytools.win/tools/percentile-rank-calculator/,SELF_MATCH,49,1,,,,,2,0,https://search.google.com/search-console/inspect?resource_id=sc-domain:funnytools.win&id=KZr51CJmxx9rEB5MjljbGw&utm_medium=link&utm_source=api
https://funnytools.win/tools/pie-chart-maker/,pie-chart-maker,zh-TW,draw,create|pie-chart|pie-chart|created-artifact|pie-chart|general,Crawled Not Indexed,yes,yes,no,已檢索 - 目前尚未建立索引,2026-08-19T14:27:52Z,https://funnytools.win/tools/pie-chart-maker/,https://funnytools.win/tools/pie-chart-maker/,SELF_MATCH,51,1,,,,,2,0,https://search.google.com/search-console/inspect?resource_id=sc-domain:funnytools.win&id=TaE-xj2duq0WQWnPG4d51g&utm_medium=link&utm_source=api
https://funnytools.win/tools/png-to-jpg/,png-to-jpg,zh-TW,image,convert|png|jpg|jpg-file|image-format-conversion|general,Crawled Not Indexed,yes,yes,no,已檢索 - 目前尚未建立索引,2026-08-15T08:41:36Z,https://funnytools.win/tools/png-to-jpg/,https://funnytools.win/tools/png-to-jpg/,SELF_MATCH,51,1,,,,,3,0,https://search.google.com/search-console/inspect?resource_id=sc-domain:funnytools.win&id=fVQJ0lbPmmBSmFfSn_NSLA&utm_medium=link&utm_source=api
https://funnytools.win/tools/pomodoro-timer/,pomodoro-timer,zh-TW,time,use|pomodoro-timer|pomodoro-timer|tool-result|pomodoro-timer|general,Crawled Not Indexed,yes,yes,no,已檢索 - 目前尚未建立索引,2026-08-16T18:47:52Z,https://funnytools.win/tools/pomodoro-timer/,https://funnytools.win/tools/pomodoro-timer/,SELF_MATCH,51,1,,,,,3,0,https://search.google.com/search-console/inspect?resource_id=sc-domain:funnytools.win&id=nkdcJOzRGVdsMBxqayknSQ&utm_medium=link&utm_source=api
https://funnytools.win/tools/qr-code-generator/,qr-code-generator,zh-TW,image,generate|qr-code|qr-code|generated-result|qr-code|general,Crawled Not Indexed,yes,yes,no,已檢索 - 目前尚未建立索引,2026-08-13T12:43:58Z,https://funnytools.win/tools/qr-code-generator/,https://funnytools.win/tools/qr-code-generator/,SELF_MATCH,54,1,,,,,3,0,https://search.google.com/search-console/inspect?resource_id=sc-domain:funnytools.win&id=JbGSsTGeZDFSn09IQNDXRA&utm_medium=link&utm_source=api
https://funnytools.win/tools/random-group-generator/,random-group-generator,zh-TW,random,generate|random-group|random-group|generated-result|random-group|general,Unknown,no,unknown,unknown,Google 無法辨識的網址,,,,GOOGLE_CANONICAL_ABSENT,52,1,,,,,0,0,https://search.google.com/search-console/inspect?resource_id=sc-domain:funnytools.win&id=VZ2WQii6qBNuJHBh6YANwA&utm_medium=link&utm_source=api
https://funnytools.win/tools/random-name-picker/,random-name-picker,zh-TW,random,select|random-name-picker|random-name-picker|selected-result|random-name-picker|general,Crawled Not Indexed,yes,yes,no,已檢索 - 目前尚未建立索引,2026-08-17T01:49:34Z,https://funnytools.win/tools/random-name-picker/,https://funnytools.win/tools/random-name-picker/,SELF_MATCH,53,1,,,,,2,0,https://search.google.com/search-console/inspect?resource_id=sc-domain:funnytools.win&id=VaxMM5oXHo8fkOQjvM22Wg&utm_medium=link&utm_source=api
https://funnytools.win/tools/random-number-picker/,random-number-picker,zh-TW,random,select|random-number-picker|random-number-picker|selected-result|random-number-picker|general,Crawled Not Indexed,yes,yes,no,已檢索 - 目前尚未建立索引,2026-08-17T05:37:52Z,https://funnytools.win/tools/random-number-picker/,https://funnytools.win/tools/random-number-picker/,SELF_MATCH,51,1,,,,,3,0,https://search.google.com/search-console/inspect?resource_id=sc-domain:funnytools.win&id=b_HVMOcZ7nOLPxgSA4HsuA&utm_medium=link&utm_source=api
https://funnytools.win/tools/random-student-picker/,random-student-picker,zh-TW,study,select|random-student-picker|random-student-picker|selected-result|random-student-picker|general,Crawled Not Indexed,yes,yes,no,已檢索 - 目前尚未建立索引,2026-08-14T04:03:26Z,https://funnytools.win/tools/random-student-picker/,https://funnytools.win/tools/random-student-picker/,SELF_MATCH,52,1,,,,,2,0,https://search.google.com/search-console/inspect?resource_id=sc-domain:funnytools.win&id=EVP_Lf4dlEUYpdIF_PyQgQ&utm_medium=link&utm_source=api
https://funnytools.win/tools/random-wheel/,random-wheel,zh-TW,random,select|random-wheel|random-wheel|selected-result|random-wheel|general,Crawled Not Indexed,yes,yes,no,已檢索 - 目前尚未建立索引,2026-08-13T16:01:30Z,https://funnytools.win/tools/random-wheel/,https://funnytools.win/tools/random-wheel/,SELF_MATCH,52,1,,,,,2,0,https://search.google.com/search-console/inspect?resource_id=sc-domain:funnytools.win&id=C1FN7FRu8Uv_OYIcWLGT4Q&utm_medium=link&utm_source=api
https://funnytools.win/tools/remove-duplicate-lines/,remove-duplicate-lines,zh-TW,text,remove|remove-duplicate-lines|remove-duplicate-lines|cleaned-output|remove-duplicate-lines|general,Crawled Not Indexed,yes,yes,no,已檢索 - 目前尚未建立索引,2026-08-13T19:00:17Z,https://funnytools.win/tools/remove-duplicate-lines/,https://funnytools.win/tools/remove-duplicate-lines/,SELF_MATCH,48,1,,,,,3,0,https://search.google.com/search-console/inspect?resource_id=sc-domain:funnytools.win&id=hD-fEm5nCaYuNXSxM7h6aQ&utm_medium=link&utm_source=api
https://funnytools.win/tools/remove-empty-lines/,remove-empty-lines,zh-TW,text,remove|remove-empty-lines|remove-empty-lines|cleaned-output|remove-empty-lines|general,Crawled Not Indexed,yes,yes,no,已檢索 - 目前尚未建立索引,2026-08-20T12:07:30Z,https://funnytools.win/tools/remove-empty-lines/,https://funnytools.win/tools/remove-empty-lines/,SELF_MATCH,51,1,,,,,3,0,https://search.google.com/search-console/inspect?resource_id=sc-domain:funnytools.win&id=jIh1KfQNnaLZgKt-ZgTZ8A&utm_medium=link&utm_source=api
https://funnytools.win/tools/rotate-pdf/,rotate-pdf,zh-TW,pdf,transform|rotate-pdf|rotate-pdf|transformed-output|rotate-pdf|general,Unknown,no,unknown,unknown,Google 無法辨識的網址,,,,GOOGLE_CANONICAL_ABSENT,49,1,,,,,0,0,https://search.google.com/search-console/inspect?resource_id=sc-domain:funnytools.win&id=qPbIUo88WP7yfvPrNzlJCg&utm_medium=link&utm_source=api
https://funnytools.win/tools/savings-goal/,savings-goal,zh-TW,money,use|savings-goal|savings-goal|tool-result|savings-goal|general,Crawled Not Indexed,yes,yes,no,已檢索 - 目前尚未建立索引,2026-08-21T14:35:49Z,https://funnytools.win/tools/savings-goal/,https://funnytools.win/tools/savings-goal/,SELF_MATCH,47,1,,,,,3,0,https://search.google.com/search-console/inspect?resource_id=sc-domain:funnytools.win&id=_qansdPxEKnn4DInRnr29Q&utm_medium=link&utm_source=api
https://funnytools.win/tools/seating-chart/,seating-chart,zh-TW,study,use|seating-chart|seating-chart|tool-result|seating-chart|general,Crawled Not Indexed,yes,yes,no,已檢索 - 目前尚未建立索引,2026-08-18T23:10:18Z,https://funnytools.win/tools/seating-chart/,https://funnytools.win/tools/seating-chart/,SELF_MATCH,52,1,,0,1,64,2,0,https://search.google.com/search-console/inspect?resource_id=sc-domain:funnytools.win&id=j2ch9C4Lz4kElH06fzRa2w&utm_medium=link&utm_source=api
https://funnytools.win/tools/sketchpad/,sketchpad,zh-TW,draw,create|sketchpad|sketchpad|created-artifact|sketchpad|general,Crawled Not Indexed,yes,yes,no,已檢索 - 目前尚未建立索引,2026-08-19T16:33:56Z,https://funnytools.win/tools/sketchpad/,https://funnytools.win/tools/sketchpad/,SELF_MATCH,49,1,,,,,4,0,https://search.google.com/search-console/inspect?resource_id=sc-domain:funnytools.win&id=J9p11a52zQ_usIuFB8p4Vg&utm_medium=link&utm_source=api
https://funnytools.win/tools/sort-lines/,sort-lines,zh-TW,text,sort|sort-lines|sort-lines|sorted-output|sort-lines|general,Crawled Not Indexed,yes,yes,no,已檢索 - 目前尚未建立索引,2026-08-13T03:57:13Z,https://funnytools.win/tools/sort-lines/,https://funnytools.win/tools/sort-lines/,SELF_MATCH,52,1,,,,,3,0,https://search.google.com/search-console/inspect?resource_id=sc-domain:funnytools.win&id=fuBfbshkWeXo3-HDjG879A&utm_medium=link&utm_source=api
https://funnytools.win/tools/split-pdf/,split-pdf,zh-TW,pdf,split|pdf|pdf-files|separate-documents|pdf-document-assembly|general,Crawled Not Indexed,yes,yes,no,已檢索 - 目前尚未建立索引,2026-08-21T04:41:56Z,https://funnytools.win/tools/split-pdf/,https://funnytools.win/tools/split-pdf/,SELF_MATCH,53,1,,,,,2,0,https://search.google.com/search-console/inspect?resource_id=sc-domain:funnytools.win&id=bxDAvG1faZnklP17dPfzUw&utm_medium=link&utm_source=api
https://funnytools.win/tools/spss-result-interpreter/,spss-result-interpreter,zh-TW,statistics,interpret|spss-result-interpreter|spss-result-interpreter|interpreted-result|spss-result-interpreter|general,Crawled Not Indexed,yes,yes,no,已檢索 - 目前尚未建立索引,2026-08-18T09:19:35Z,https://funnytools.win/tools/spss-result-interpreter/,https://funnytools.win/tools/spss-result-interpreter/,SELF_MATCH,51,1,,,,,1,0,https://search.google.com/search-console/inspect?resource_id=sc-domain:funnytools.win&id=zKTKYktlFRD97StNMzxO1g&utm_medium=link&utm_source=api
https://funnytools.win/tools/standard-deviation/,standard-deviation,zh-TW,statistics,calculate|raw-scores|summary-statistics|mean-variance-standard-deviation|descriptive-statistics|general,Crawled Not Indexed,yes,yes,no,已檢索 - 目前尚未建立索引,2026-08-20T20:15:42Z,https://funnytools.win/tools/standard-deviation/,https://funnytools.win/tools/standard-deviation/,SELF_MATCH,52,1,,,,,1,0,https://search.google.com/search-console/inspect?resource_id=sc-domain:funnytools.win&id=8tAjgKIyissZHgtJHN5h5g&utm_medium=link&utm_source=api
https://funnytools.win/tools/stopwatch/,stopwatch,zh-TW,time,use|stopwatch|stopwatch|tool-result|stopwatch|general,Unknown,no,unknown,unknown,Google 無法辨識的網址,,,,GOOGLE_CANONICAL_ABSENT,51,1,,,,,0,0,https://search.google.com/search-console/inspect?resource_id=sc-domain:funnytools.win&id=VQzeuMmq7RooL2FfbG1IKg&utm_medium=link&utm_source=api
https://funnytools.win/tools/t-score-calculator/,t-score-calculator,zh-TW,statistics,calculate|z-score|standardized-score|t-score|score-standardization|general,Crawled Not Indexed,yes,yes,no,已檢索 - 目前尚未建立索引,2026-08-17T00:34:35Z,https://funnytools.win/tools/t-score-calculator/,https://funnytools.win/tools/t-score-calculator/,SELF_MATCH,55,1,,,,,2,0,https://search.google.com/search-console/inspect?resource_id=sc-domain:funnytools.win&id=0NhP6GuzOkfXrLn-l86W3Q&utm_medium=link&utm_source=api
https://funnytools.win/tools/teacher-exam-score-converter/,teacher-exam-score-converter,zh-TW,statistics,calculate|teacher-exam-score-converter|teacher-exam-score-converter|calculated-result|teacher-exam-score-converter|general,Crawled Not Indexed,yes,yes,no,已檢索 - 目前尚未建立索引,2026-08-23T04:23:41Z,https://funnytools.win/tools/teacher-exam-score-converter/,https://funnytools.win/tools/teacher-exam-score-converter/,SELF_MATCH,51,1,,,,,3,0,https://search.google.com/search-console/inspect?resource_id=sc-domain:funnytools.win&id=KcXTUuE8mZR6CTIRtc3E_Q&utm_medium=link&utm_source=api
https://funnytools.win/tools/this-or-that/,this-or-that,zh-TW,random,use|this-or-that|this-or-that|tool-result|this-or-that|general,Crawled Not Indexed,yes,yes,no,已檢索 - 目前尚未建立索引,2026-08-18T10:34:36Z,https://funnytools.win/tools/this-or-that/,https://funnytools.win/tools/this-or-that/,SELF_MATCH,48,1,,,,,2,0,https://search.google.com/search-console/inspect?resource_id=sc-domain:funnytools.win&id=puIibQ9loCxh8I66JEneMw&utm_medium=link&utm_source=api
https://funnytools.win/tools/timestamp-converter/,timestamp-converter,zh-TW,time,use|timestamp-converter|timestamp-converter|tool-result|timestamp-converter|general,Crawled Not Indexed,yes,yes,no,已檢索 - 目前尚未建立索引,2026-08-06T09:40:31Z,https://funnytools.win/tools/timestamp-converter/,https://funnytools.win/tools/timestamp-converter/,SELF_MATCH,49,1,,,,,2,0,https://search.google.com/search-console/inspect?resource_id=sc-domain:funnytools.win&id=OUcwZx4ARvcNVh0tc-toUQ&utm_medium=link&utm_source=api
https://funnytools.win/tools/url-encoder/,url-encoder,zh-TW,text,use|url-encoder|url-encoder|tool-result|url-encoder|general,Crawled Not Indexed,yes,yes,no,已檢索 - 目前尚未建立索引,2026-08-21T16:53:29Z,https://funnytools.win/tools/url-encoder/,https://funnytools.win/tools/url-encoder/,SELF_MATCH,51,1,,,,,3,0,https://search.google.com/search-console/inspect?resource_id=sc-domain:funnytools.win&id=UvtNshwr_L733LESrwMZYA&utm_medium=link&utm_source=api
https://funnytools.win/tools/uuid-generator/,uuid-generator,zh-TW,random,generate|uuid|uuid|generated-result|uuid|general,Crawled Not Indexed,yes,yes,no,已檢索 - 目前尚未建立索引,2026-08-10T14:49:25Z,https://funnytools.win/tools/uuid-generator/,https://funnytools.win/tools/uuid-generator/,SELF_MATCH,50,1,,,,,2,0,https://search.google.com/search-console/inspect?resource_id=sc-domain:funnytools.win&id=KcZe77KpUR1we2Rg6C9CIA&utm_medium=link&utm_source=api
https://funnytools.win/tools/webp-to-jpg/,webp-to-jpg,zh-TW,image,convert|webp|jpg|jpg-file|image-format-conversion|general,Crawled Not Indexed,yes,yes,no,已檢索 - 目前尚未建立索引,2026-08-19T16:04:13Z,https://funnytools.win/tools/webp-to-jpg/,https://funnytools.win/tools/webp-to-jpg/,SELF_MATCH,48,1,,,,,2,0,https://search.google.com/search-console/inspect?resource_id=sc-domain:funnytools.win&id=kloR_bJ72SYqeDZB4ZmBMg&utm_medium=link&utm_source=api
https://funnytools.win/tools/weighted-average-calculator/,weighted-average-calculator,zh-TW,statistics,calculate|values-and-weights|weighted-result|weighted-average|weighted-calculation|general,Crawled Not Indexed,yes,yes,no,已檢索 - 目前尚未建立索引,2026-08-21T12:46:52Z,https://funnytools.win/tools/weighted-average-calculator/,https://funnytools.win/tools/weighted-average-calculator/,SELF_MATCH,53,1,,,,,3,0,https://search.google.com/search-console/inspect?resource_id=sc-domain:funnytools.win&id=Cs3gU8kOrEiEIh0UYjX7Cw&utm_medium=link&utm_source=api
https://funnytools.win/tools/what-to-eat/,what-to-eat,zh-TW,random,convert|what|eat|eat-output|directional-conversion|general,Crawled Not Indexed,yes,yes,no,已檢索 - 目前尚未建立索引,2026-09-09T06:54:43Z,https://funnytools.win/tools/what-to-eat/,https://funnytools.win/tools/what-to-eat/,SELF_MATCH,48,1,,,,,3,0,https://search.google.com/search-console/inspect?resource_id=sc-domain:funnytools.win&id=7f7Ksw70t8-Q5-ItiRW7WA&utm_medium=link&utm_source=api
https://funnytools.win/tools/word-counter/,word-counter,zh-TW,text,count|word-counter|word-counter|count|word-counter|general,Unknown,no,unknown,unknown,Google 無法辨識的網址,,,,GOOGLE_CANONICAL_ABSENT,53,1,,,,,0,0,https://search.google.com/search-console/inspect?resource_id=sc-domain:funnytools.win&id=5QcqsBu33mJt_hTUv8nbUg&utm_medium=link&utm_source=api
https://funnytools.win/tools/z-score-calculator/,z-score-calculator,zh-TW,statistics,calculate|score-and-distribution|standardized-score|z-score|score-standardization|general,Crawled Not Indexed,yes,yes,no,已檢索 - 目前尚未建立索引,2026-07-06T05:43:08Z,https://funnytools.win/tools/z-score-calculator/,https://funnytools.win/tools/z-score-calculator/,SELF_MATCH,51,1,,,,,3,0,https://search.google.com/search-console/inspect?resource_id=sc-domain:funnytools.win&id=q5BX2R-TlkiDrvaBjI8DBg&utm_medium=link&utm_source=api
