pair_id,url_a,url_b,page_type_a,page_type_b,locale,cluster_a,cluster_b,tool_slug_a,tool_slug_b,raw_main_similarity,boilerplate_adjusted_similarity,original_same_search_intent,intent_relationship,functional_equivalence,merge_confidence,merge_reason
1,https://funnytools.win/tools/jpg-to-png/,https://funnytools.win/tools/png-to-jpg/,tool,tool,zh-TW,image,image,jpg-to-png,png-to-jpg,0.946,0.895,yes,DIFFERENT,NO,LOW,directional converter inputs/outputs differ
2,https://funnytools.win/guides/t-score-calculator-guide/,https://funnytools.win/tools/t-score-calculator/,guide,tool,zh-TW,statistics,statistics,,t-score-calculator,0.939,0.911,yes,COMPLEMENTARY,NO,LOW,tool is DO intent; guide is LEARN intent; keep both by default
3,https://funnytools.win/tools/jpg-to-webp/,https://funnytools.win/tools/webp-to-jpg/,tool,tool,zh-TW,image,image,jpg-to-webp,webp-to-jpg,0.939,0.898,yes,DIFFERENT,NO,LOW,directional converter inputs/outputs differ
4,https://funnytools.win/guides/classroom-random-group-guide/,https://funnytools.win/guides/fair-student-grouping-guide/,guide,guide,zh-TW,random,random,,,0.931,0.884,yes,ADJACENT,NO,LOW,related learning topics; answer role may differ
5,https://funnytools.win/tools/delete-pdf-pages/,https://funnytools.win/tools/extract-pdf-pages/,tool,tool,zh-TW,pdf,pdf,delete-pdf-pages,extract-pdf-pages,0.931,0.888,yes,DIFFERENT,NO,LOW,document operation outcome differs even when source format overlaps
6,https://funnytools.win/tools/png-to-jpg/,https://funnytools.win/tools/webp-to-jpg/,tool,tool,zh-TW,image,image,png-to-jpg,webp-to-jpg,0.930,0.850,yes,DIFFERENT,NO,LOW,directional converter inputs/outputs differ
7,https://funnytools.win/tools/group-generator/,https://funnytools.win/tools/random-group-generator/,tool,tool,zh-TW,study,random,group-generator,random-group-generator,0.919,0.778,no,DIFFERENT,NO,LOW,different functional category
8,https://funnytools.win/tools/apa-7-report-generator/,https://funnytools.win/tools/spss-result-interpreter/,tool,tool,zh-TW,statistics,statistics,apa-7-report-generator,spss-result-interpreter,0.918,0.609,yes,ADJACENT,NO,LOW,related topic but functional input/computation/output differs
9,https://funnytools.win/tools/standard-deviation/,https://funnytools.win/tools/z-score-calculator/,tool,tool,zh-TW,statistics,statistics,standard-deviation,z-score-calculator,0.912,0.804,yes,ADJACENT,NO,LOW,related topic but functional input/computation/output differs
10,https://funnytools.win/tools/csv-to-json/,https://funnytools.win/tools/json-to-csv/,tool,tool,zh-TW,text,text,csv-to-json,json-to-csv,0.910,0.827,yes,DIFFERENT,NO,LOW,directional converter inputs/outputs differ
11,https://funnytools.win/tools/teacher-exam-score-converter/,https://funnytools.win/tools/weighted-average-calculator/,tool,tool,zh-TW,statistics,statistics,teacher-exam-score-converter,weighted-average-calculator,0.910,0.823,yes,ADJACENT,NO,LOW,related topic but functional input/computation/output differs
12,https://funnytools.win/tools/normalized-score-converter/,https://funnytools.win/tools/z-score-calculator/,tool,tool,zh-TW,statistics,statistics,normalized-score-converter,z-score-calculator,0.909,0.774,yes,ADJACENT,NO,LOW,related topic but functional input/computation/output differs
13,https://funnytools.win/tools/jpg-to-png/,https://funnytools.win/tools/webp-to-jpg/,tool,tool,zh-TW,image,image,jpg-to-png,webp-to-jpg,0.908,0.821,yes,DIFFERENT,NO,LOW,directional converter inputs/outputs differ
14,https://funnytools.win/tools/business-days/,https://funnytools.win/tools/date-difference/,tool,tool,zh-TW,time,time,business-days,date-difference,0.904,0.809,yes,ADJACENT,NO,LOW,related topic but functional input/computation/output differs
15,https://funnytools.win/es/categorias/estadistica/,https://funnytools.win/es/estadisticas-educativas/,category,other,es,statistics,statistics,,,0.901,0.878,yes,ADJACENT,UNKNOWN,LOW,topic-adjacent pages with different page roles
16,https://funnytools.win/en/tools/jpg-to-webp/,https://funnytools.win/en/tools/webp-to-jpg/,tool,tool,en,image,image,jpg-to-webp,webp-to-jpg,0.898,0.839,yes,DIFFERENT,NO,LOW,directional converter inputs/outputs differ
17,https://funnytools.win/tools/jpg-to-png/,https://funnytools.win/tools/jpg-to-webp/,tool,tool,zh-TW,image,image,jpg-to-png,jpg-to-webp,0.898,0.800,yes,DIFFERENT,NO,LOW,directional converter inputs/outputs differ
18,https://funnytools.win/tools/grade-average/,https://funnytools.win/tools/weighted-average-calculator/,tool,tool,zh-TW,statistics,statistics,grade-average,weighted-average-calculator,0.895,0.798,yes,ADJACENT,NO,LOW,related topic but functional input/computation/output differs
19,https://funnytools.win/fr/,https://funnytools.win/fr/outils/,home,hub,fr,general,general,,,0.894,0.849,yes,ADJACENT,UNKNOWN,LOW,topic-adjacent pages with different page roles
20,https://funnytools.win/tools/remove-duplicate-lines/,https://funnytools.win/tools/sort-lines/,tool,tool,zh-TW,text,text,remove-duplicate-lines,sort-lines,0.894,0.654,yes,ADJACENT,NO,LOW,related topic but functional input/computation/output differs
21,https://funnytools.win/tools/jpg-to-webp/,https://funnytools.win/tools/png-to-jpg/,tool,tool,zh-TW,image,image,jpg-to-webp,png-to-jpg,0.892,0.759,yes,DIFFERENT,NO,LOW,directional converter inputs/outputs differ
22,https://funnytools.win/category/statistics/,https://funnytools.win/education-statistics/,category,other,zh-TW,statistics,statistics,,,0.891,0.715,yes,ADJACENT,UNKNOWN,LOW,topic-adjacent pages with different page roles
23,https://funnytools.win/for/creators/,https://funnytools.win/workflows/creator-social-toolkit/,audience,workflow,zh-TW,creators,general,,,0.891,0.797,no,UNKNOWN,UNKNOWN,LOW,page roles cannot be deterministically compared
24,https://funnytools.win/es/herramientas/convertir-jpg-a-png/,https://funnytools.win/es/herramientas/convertir-png-a-jpg/,tool,tool,es,image,image,jpg-to-png,png-to-jpg,0.889,0.881,yes,DIFFERENT,NO,LOW,directional converter inputs/outputs differ
25,https://funnytools.win/es/categorias/pdf/,https://funnytools.win/es/guias/unir-pdf-sin-subir-archivos/,category,guide,es,pdf,pdf,,,0.888,0.875,yes,ADJACENT,UNKNOWN,LOW,topic-adjacent pages with different page roles
26,https://funnytools.win/en/tools/delete-pdf-pages/,https://funnytools.win/en/tools/extract-pdf-pages/,tool,tool,en,pdf,pdf,delete-pdf-pages,extract-pdf-pages,0.887,0.803,yes,DIFFERENT,NO,LOW,document operation outcome differs even when source format overlaps
27,https://funnytools.win/tools/extract-pdf-pages/,https://funnytools.win/tools/pdf-page-reorder/,tool,tool,zh-TW,pdf,pdf,extract-pdf-pages,pdf-page-reorder,0.887,0.709,yes,DIFFERENT,NO,LOW,document operation outcome differs even when source format overlaps
28,https://funnytools.win/en/tools/jpg-to-png/,https://funnytools.win/en/tools/png-to-jpg/,tool,tool,en,image,image,jpg-to-png,png-to-jpg,0.885,0.841,yes,DIFFERENT,NO,LOW,directional converter inputs/outputs differ
29,https://funnytools.win/es/herramientas/,https://funnytools.win/es/,hub,home,es,general,general,,,0.885,0.884,yes,ADJACENT,UNKNOWN,LOW,topic-adjacent pages with different page roles
30,https://funnytools.win/es/flujos/entrega-informe-estudiantil/,https://funnytools.win/es/para/estudiantes/,workflow,audience,es,general,students,,,0.883,0.867,no,UNKNOWN,UNKNOWN,LOW,page roles cannot be deterministically compared
31,https://funnytools.win/tools/remove-duplicate-lines/,https://funnytools.win/tools/remove-empty-lines/,tool,tool,zh-TW,text,text,remove-duplicate-lines,remove-empty-lines,0.883,0.695,yes,ADJACENT,NO,LOW,related topic but functional input/computation/output differs
32,https://funnytools.win/guides/classroom-random-group-absent-student-repair-guide/,https://funnytools.win/guides/classroom-random-group-size-balance-guide/,guide,guide,zh-TW,random,random,,,0.882,0.807,yes,ADJACENT,NO,LOW,related learning topics; answer role may differ
33,https://funnytools.win/tools/t-score-calculator/,https://funnytools.win/tools/z-score-calculator/,tool,tool,zh-TW,statistics,statistics,t-score-calculator,z-score-calculator,0.882,0.804,yes,ADJACENT,NO,LOW,related topic but functional input/computation/output differs
34,https://funnytools.win/tools/image-compressor/,https://funnytools.win/tools/jpg-to-webp/,tool,tool,zh-TW,image,image,image-compressor,jpg-to-webp,0.881,0.686,yes,ADJACENT,NO,LOW,related topic but functional input/computation/output differs
35,https://funnytools.win/tools/random-name-picker/,https://funnytools.win/tools/random-student-picker/,tool,tool,zh-TW,random,study,random-name-picker,random-student-picker,0.881,0.780,no,DIFFERENT,NO,LOW,different functional category
36,https://funnytools.win/es/herramientas/convertir-jpg-a-webp/,https://funnytools.win/es/herramientas/convertir-webp-a-jpg/,tool,tool,es,image,image,jpg-to-webp,webp-to-jpg,0.880,0.876,yes,DIFFERENT,NO,LOW,directional converter inputs/outputs differ
37,https://funnytools.win/guides/teacher-exam-weighted-score-guide/,https://funnytools.win/tools/teacher-exam-score-converter/,guide,tool,zh-TW,statistics,statistics,,teacher-exam-score-converter,0.879,0.787,yes,COMPLEMENTARY,NO,LOW,tool is DO intent; guide is LEARN intent; keep both by default
38,https://funnytools.win/tools/remove-empty-lines/,https://funnytools.win/tools/sort-lines/,tool,tool,zh-TW,text,text,remove-empty-lines,sort-lines,0.879,0.612,yes,ADJACENT,NO,LOW,related topic but functional input/computation/output differs
39,https://funnytools.win/en/tools/png-to-jpg/,https://funnytools.win/en/tools/webp-to-jpg/,tool,tool,en,image,image,png-to-jpg,webp-to-jpg,0.878,0.764,yes,DIFFERENT,NO,LOW,directional converter inputs/outputs differ
40,https://funnytools.win/es/guias/prueba-levene-spss/,https://funnytools.win/es/herramientas/interpretar-resultados-spss/,guide,tool,es,statistics,statistics,,spss-result-interpreter,0.877,0.880,yes,COMPLEMENTARY,NO,LOW,tool is DO intent; guide is LEARN intent; keep both by default
41,https://funnytools.win/es/guias/rango-percentil-interpretacion/,https://funnytools.win/es/herramientas/calculadora-rango-percentil/,guide,tool,es,statistics,statistics,,percentile-rank-calculator,0.876,0.875,yes,COMPLEMENTARY,NO,LOW,tool is DO intent; guide is LEARN intent; keep both by default
42,https://funnytools.win/es/herramientas/convertir-png-a-jpg/,https://funnytools.win/es/herramientas/convertir-webp-a-jpg/,tool,tool,es,image,image,png-to-jpg,webp-to-jpg,0.875,0.865,yes,DIFFERENT,NO,LOW,directional converter inputs/outputs differ
43,https://funnytools.win/fr/outils/convertir-jpg-en-png/,https://funnytools.win/fr/outils/convertir-png-en-jpg/,tool,tool,fr,image,image,jpg-to-png,png-to-jpg,0.874,0.864,yes,DIFFERENT,NO,LOW,directional converter inputs/outputs differ
44,https://funnytools.win/tools/extract-pdf-pages/,https://funnytools.win/tools/split-pdf/,tool,tool,zh-TW,pdf,pdf,extract-pdf-pages,split-pdf,0.874,0.744,yes,DIFFERENT,NO,LOW,document operation outcome differs even when source format overlaps
45,https://funnytools.win/guides/classroom-random-group-guide/,https://funnytools.win/tools/group-generator/,guide,tool,zh-TW,random,study,,group-generator,0.873,0.751,no,COMPLEMENTARY,NO,LOW,tool is DO intent; guide is LEARN intent; keep both by default
46,https://funnytools.win/es/como-funcionan-las-herramientas/,https://funnytools.win/es/sobre-funnytools/,legal,legal,es,general,general,,,0.872,0.870,yes,ADJACENT,UNKNOWN,LOW,topic-adjacent pages with different page roles
47,https://funnytools.win/es/herramientas/eliminar-paginas-pdf/,https://funnytools.win/es/herramientas/extraer-paginas-pdf/,tool,tool,es,pdf,pdf,delete-pdf-pages,extract-pdf-pages,0.872,0.871,yes,DIFFERENT,NO,LOW,document operation outcome differs even when source format overlaps
48,https://funnytools.win/for/office-workers/,https://funnytools.win/workflows/office-document-toolkit/,audience,workflow,zh-TW,office-workers,pdf,,,0.872,0.807,no,UNKNOWN,UNKNOWN,LOW,page roles cannot be deterministically compared
49,https://funnytools.win/guides/z-score-calculator-guide/,https://funnytools.win/tools/z-score-calculator/,guide,tool,zh-TW,statistics,statistics,,z-score-calculator,0.872,0.769,yes,COMPLEMENTARY,NO,LOW,tool is DO intent; guide is LEARN intent; keep both by default
50,https://funnytools.win/es/herramientas/comprimir-imagenes/,https://funnytools.win/es/herramientas/convertir-png-a-jpg/,tool,tool,es,image,image,image-compressor,png-to-jpg,0.871,0.869,yes,ADJACENT,NO,LOW,related topic but functional input/computation/output differs
51,https://funnytools.win/en/guides/t-score-calculator-guide/,https://funnytools.win/en/tools/t-score-calculator/,guide,tool,en,statistics,statistics,,t-score-calculator,0.870,0.815,yes,COMPLEMENTARY,NO,LOW,tool is DO intent; guide is LEARN intent; keep both by default
52,https://funnytools.win/tools/pdf-page-reorder/,https://funnytools.win/tools/split-pdf/,tool,tool,zh-TW,pdf,pdf,pdf-page-reorder,split-pdf,0.870,0.727,yes,DIFFERENT,NO,LOW,document operation outcome differs even when source format overlaps
53,https://funnytools.win/tools/spss-result-interpreter/,https://funnytools.win/workflows/graduate-statistics-report-toolkit/,tool,workflow,zh-TW,statistics,statistics,spss-result-interpreter,,0.870,0.563,yes,ADJACENT,UNKNOWN,LOW,topic-adjacent pages with different page roles
54,https://funnytools.win/es/categorias/imagen/,https://funnytools.win/es/guias/comprimir-fotos-para-email/,category,guide,es,image,image,,,0.869,0.860,yes,ADJACENT,UNKNOWN,LOW,topic-adjacent pages with different page roles
55,https://funnytools.win/fr/outils/generateur-groupes-aleatoires/,https://funnytools.win/fr/outils/generateur-groupes-classe/,tool,tool,fr,random,study,random-group-generator,group-generator,0.869,0.862,no,DIFFERENT,NO,LOW,different functional category
56,https://funnytools.win/tools/image-compressor/,https://funnytools.win/tools/image-resizer/,tool,tool,zh-TW,image,image,image-compressor,image-resizer,0.869,0.672,yes,ADJACENT,NO,LOW,related topic but functional input/computation/output differs
57,https://funnytools.win/tools/percentile-rank-calculator/,https://funnytools.win/tools/z-score-calculator/,tool,tool,zh-TW,statistics,statistics,percentile-rank-calculator,z-score-calculator,0.869,0.602,yes,ADJACENT,NO,LOW,related topic but functional input/computation/output differs
58,https://funnytools.win/tools/apa-7-report-generator/,https://funnytools.win/workflows/graduate-statistics-report-toolkit/,tool,workflow,zh-TW,statistics,statistics,apa-7-report-generator,,0.868,0.549,yes,ADJACENT,UNKNOWN,LOW,topic-adjacent pages with different page roles
59,https://funnytools.win/es/guias/anova-formato-apa-7/,https://funnytools.win/es/herramientas/interpretar-resultados-spss/,guide,tool,es,statistics,statistics,,spss-result-interpreter,0.867,0.853,yes,COMPLEMENTARY,NO,LOW,tool is DO intent; guide is LEARN intent; keep both by default
60,https://funnytools.win/es/guias/puntuacion-t-interpretacion/,https://funnytools.win/es/herramientas/calculadora-puntuacion-t/,guide,tool,es,statistics,statistics,,t-score-calculator,0.867,0.857,yes,COMPLEMENTARY,NO,LOW,tool is DO intent; guide is LEARN intent; keep both by default
61,https://funnytools.win/es/herramientas/comprimir-imagenes/,https://funnytools.win/es/herramientas/convertir-jpg-a-webp/,tool,tool,es,image,image,image-compressor,jpg-to-webp,0.866,0.865,yes,ADJACENT,NO,LOW,related topic but functional input/computation/output differs
62,https://funnytools.win/es/herramientas/convertir-csv-a-json/,https://funnytools.win/es/herramientas/convertir-json-a-csv/,tool,tool,es,text,text,csv-to-json,json-to-csv,0.866,0.865,yes,DIFFERENT,NO,LOW,directional converter inputs/outputs differ
63,https://funnytools.win/guides/classroom-random-picker-guide/,https://funnytools.win/workflows/teacher-classroom-random-toolkit/,guide,workflow,zh-TW,random,random,,,0.866,0.680,yes,ADJACENT,UNKNOWN,LOW,topic-adjacent pages with different page roles
64,https://funnytools.win/fr/outils/convertir-csv-en-json/,https://funnytools.win/fr/outils/convertir-json-en-csv/,tool,tool,fr,text,text,csv-to-json,json-to-csv,0.865,0.861,yes,DIFFERENT,NO,LOW,directional converter inputs/outputs differ
65,https://funnytools.win/guides/t-score-calculator-guide/,https://funnytools.win/guides/z-score-calculator-guide/,guide,guide,zh-TW,statistics,statistics,,,0.865,0.759,yes,ADJACENT,NO,LOW,related learning topics; answer role may differ
66,https://funnytools.win/guides/z-score-calculator-guide/,https://funnytools.win/tools/t-score-calculator/,guide,tool,zh-TW,statistics,statistics,,t-score-calculator,0.865,0.741,yes,COMPLEMENTARY,NO,LOW,tool is DO intent; guide is LEARN intent; keep both by default
67,https://funnytools.win/guides/teacher-exam-weighted-score-guide/,https://funnytools.win/workflows/teacher-exam-score-toolkit/,guide,workflow,zh-TW,statistics,statistics,,,0.864,0.695,yes,ADJACENT,UNKNOWN,LOW,topic-adjacent pages with different page roles
68,https://funnytools.win/tools/delete-pdf-pages/,https://funnytools.win/tools/pdf-page-reorder/,tool,tool,zh-TW,pdf,pdf,delete-pdf-pages,pdf-page-reorder,0.864,0.733,yes,DIFFERENT,NO,LOW,document operation outcome differs even when source format overlaps
69,https://funnytools.win/tools/grade-average/,https://funnytools.win/tools/teacher-exam-score-converter/,tool,tool,zh-TW,statistics,statistics,grade-average,teacher-exam-score-converter,0.864,0.810,yes,ADJACENT,NO,LOW,related topic but functional input/computation/output differs
70,https://funnytools.win/es/herramientas/recordatorio-descansos/,https://funnytools.win/es/herramientas/temporizador-pomodoro/,tool,tool,es,time,time,break-reminder,pomodoro-timer,0.863,0.866,yes,ADJACENT,NO,LOW,related topic but functional input/computation/output differs
71,https://funnytools.win/guides/t-score-calculator-guide/,https://funnytools.win/workflows/teacher-exam-score-toolkit/,guide,workflow,zh-TW,statistics,statistics,,,0.863,0.752,yes,ADJACENT,UNKNOWN,LOW,topic-adjacent pages with different page roles
72,https://funnytools.win/tools/bar-chart-maker/,https://funnytools.win/tools/pie-chart-maker/,tool,tool,zh-TW,draw,draw,bar-chart-maker,pie-chart-maker,0.863,0.686,yes,ADJACENT,NO,LOW,related topic but functional input/computation/output differs
73,https://funnytools.win/es/aviso-legal/,https://funnytools.win/es/sobre-funnytools/,other,legal,es,general,general,,,0.862,0.857,yes,ADJACENT,UNKNOWN,LOW,topic-adjacent pages with different page roles
74,https://funnytools.win/fr/outils/convertir-png-en-jpg/,https://funnytools.win/fr/outils/convertir-webp-en-jpg/,tool,tool,fr,image,image,png-to-jpg,webp-to-jpg,0.862,0.846,yes,DIFFERENT,NO,LOW,directional converter inputs/outputs differ
75,https://funnytools.win/guides/t-score-calculator-guide/,https://funnytools.win/tools/z-score-calculator/,guide,tool,zh-TW,statistics,statistics,,z-score-calculator,0.862,0.804,yes,COMPLEMENTARY,NO,LOW,tool is DO intent; guide is LEARN intent; keep both by default
76,https://funnytools.win/en/tools/jpg-to-webp/,https://funnytools.win/en/tools/png-to-jpg/,tool,tool,en,image,image,jpg-to-webp,png-to-jpg,0.861,0.704,yes,DIFFERENT,NO,LOW,directional converter inputs/outputs differ
77,https://funnytools.win/es/categorias/estudio/,https://funnytools.win/es/para/docentes/,category,audience,es,study,teachers,,,0.860,0.824,no,UNKNOWN,UNKNOWN,LOW,page roles cannot be deterministically compared
78,https://funnytools.win/es/categorias/imagen/,https://funnytools.win/es/para/disenadores/,category,audience,es,image,designers,,,0.860,0.826,no,UNKNOWN,UNKNOWN,LOW,page roles cannot be deterministically compared
79,https://funnytools.win/es/aviso-legal/,https://funnytools.win/es/condiciones-de-uso/,other,legal,es,general,general,,,0.858,0.853,yes,ADJACENT,UNKNOWN,LOW,topic-adjacent pages with different page roles
80,https://funnytools.win/es/guias/unir-pdf-sin-subir-archivos/,https://funnytools.win/es/herramientas/unir-pdf/,guide,tool,es,pdf,pdf,,merge-pdf,0.857,0.847,yes,COMPLEMENTARY,NO,LOW,tool is DO intent; guide is LEARN intent; keep both by default
81,https://funnytools.win/es/contacto/,https://funnytools.win/es/sobre-funnytools/,legal,legal,es,general,general,,,0.856,0.851,yes,ADJACENT,UNKNOWN,LOW,topic-adjacent pages with different page roles
82,https://funnytools.win/es/flujos/contenido-redes-sociales/,https://funnytools.win/es/para/creadores/,workflow,audience,es,general,creators,,,0.856,0.820,no,UNKNOWN,UNKNOWN,LOW,page roles cannot be deterministically compared
83,https://funnytools.win/guides/classroom-random-group-guide/,https://funnytools.win/workflows/teacher-classroom-random-toolkit/,guide,workflow,zh-TW,random,random,,,0.856,0.716,yes,ADJACENT,UNKNOWN,LOW,topic-adjacent pages with different page roles
84,https://funnytools.win/find-tools/,https://funnytools.win/,other,home,zh-TW,general,general,,,0.853,0.705,yes,ADJACENT,UNKNOWN,LOW,topic-adjacent pages with different page roles
85,https://funnytools.win/guides/classroom-random-group-guide/,https://funnytools.win/tools/random-group-generator/,guide,tool,zh-TW,random,random,,random-group-generator,0.853,0.728,yes,COMPLEMENTARY,NO,LOW,tool is DO intent; guide is LEARN intent; keep both by default
86,https://funnytools.win/tools/normalized-score-converter/,https://funnytools.win/tools/standard-deviation/,tool,tool,zh-TW,statistics,statistics,normalized-score-converter,standard-deviation,0.853,0.651,yes,ADJACENT,NO,LOW,related topic but functional input/computation/output differs
87,https://funnytools.win/es/aviso-legal/,https://funnytools.win/es/contacto/,other,legal,es,general,general,,,0.852,0.847,yes,ADJACENT,UNKNOWN,LOW,topic-adjacent pages with different page roles
88,https://funnytools.win/fr/outils/minuteur-pomodoro/,https://funnytools.win/fr/outils/rappel-pause-ecran/,tool,tool,fr,time,time,pomodoro-timer,break-reminder,0.852,0.850,yes,ADJACENT,NO,LOW,related topic but functional input/computation/output differs
89,https://funnytools.win/guides/business-days-calendar-days-guide/,https://funnytools.win/tools/business-days/,guide,tool,zh-TW,time,time,,business-days,0.852,0.823,yes,COMPLEMENTARY,NO,LOW,tool is DO intent; guide is LEARN intent; keep both by default
90,https://funnytools.win/es/flujos/,https://funnytools.win/es/guias/,hub,hub,es,drawing,general,,,0.851,0.806,no,ADJACENT,UNKNOWN,LOW,shared hierarchy vocabulary does not prove redundant page role
91,https://funnytools.win/guides/classroom-random-group-size-balance-guide/,https://funnytools.win/guides/fair-student-grouping-guide/,guide,guide,zh-TW,random,random,,,0.850,0.776,yes,ADJACENT,NO,LOW,related learning topics; answer role may differ
92,https://funnytools.win/fr/outils/compresser-image/,https://funnytools.win/fr/outils/redimensionner-image/,tool,tool,fr,image,image,image-compressor,image-resizer,0.849,0.843,yes,ADJACENT,NO,LOW,related topic but functional input/computation/output differs
93,https://funnytools.win/guides/classroom-lottery-tool-guide/,https://funnytools.win/guides/classroom-random-picker-guide/,guide,guide,zh-TW,random,random,,,0.848,0.675,yes,ADJACENT,NO,LOW,related learning topics; answer role may differ
94,https://funnytools.win/tools/random-group-generator/,https://funnytools.win/workflows/teacher-classroom-random-toolkit/,tool,workflow,zh-TW,random,random,random-group-generator,,0.848,0.603,yes,ADJACENT,UNKNOWN,LOW,topic-adjacent pages with different page roles
95,https://funnytools.win/es/guias/contrasena-segura-fuerte/,https://funnytools.win/es/herramientas/generador-contrasenas-seguras/,guide,tool,es,text,random,,password-generator,0.847,0.847,no,COMPLEMENTARY,NO,LOW,tool is DO intent; guide is LEARN intent; keep both by default
96,https://funnytools.win/fr/outils/compresser-image/,https://funnytools.win/fr/outils/convertir-png-en-jpg/,tool,tool,fr,image,image,image-compressor,png-to-jpg,0.847,0.847,yes,ADJACENT,NO,LOW,related topic but functional input/computation/output differs
97,https://funnytools.win/fr/outils/convertir-jpg-en-webp/,https://funnytools.win/fr/outils/convertir-webp-en-jpg/,tool,tool,fr,image,image,jpg-to-webp,webp-to-jpg,0.847,0.844,yes,DIFFERENT,NO,LOW,directional converter inputs/outputs differ
98,https://funnytools.win/guides/fair-student-grouping-guide/,https://funnytools.win/tools/group-generator/,guide,tool,zh-TW,random,study,,group-generator,0.847,0.685,no,COMPLEMENTARY,NO,LOW,tool is DO intent; guide is LEARN intent; keep both by default
99,https://funnytools.win/guides/fair-student-grouping-guide/,https://funnytools.win/tools/random-group-generator/,guide,tool,zh-TW,random,random,,random-group-generator,0.847,0.694,yes,COMPLEMENTARY,NO,LOW,tool is DO intent; guide is LEARN intent; keep both by default
100,https://funnytools.win/guides/split-pdf-page-range-planning-guide/,https://funnytools.win/tools/pdf-page-reorder/,guide,tool,zh-TW,pdf,pdf,,pdf-page-reorder,0.847,0.691,yes,COMPLEMENTARY,NO,LOW,tool is DO intent; guide is LEARN intent; keep both by default
101,https://funnytools.win/tools/case-converter/,https://funnytools.win/tools/word-counter/,tool,tool,zh-TW,text,text,case-converter,word-counter,0.847,0.626,yes,ADJACENT,NO,LOW,related topic but functional input/computation/output differs
102,https://funnytools.win/tools/character-counter/,https://funnytools.win/tools/word-counter/,tool,tool,zh-TW,text,text,character-counter,word-counter,0.847,0.689,yes,ADJACENT,NO,LOW,related topic but functional input/computation/output differs
103,https://funnytools.win/tools/image-resizer/,https://funnytools.win/tools/jpg-to-webp/,tool,tool,zh-TW,image,image,image-resizer,jpg-to-webp,0.847,0.637,yes,ADJACENT,NO,LOW,related topic but functional input/computation/output differs
104,https://funnytools.win/en/tools/t-score-calculator/,https://funnytools.win/en/tools/z-score-calculator/,tool,tool,en,statistics,statistics,t-score-calculator,z-score-calculator,0.846,0.713,yes,ADJACENT,NO,LOW,related topic but functional input/computation/output differs
105,https://funnytools.win/guides/classroom-random-group-no-repeat-guide/,https://funnytools.win/guides/fair-student-grouping-guide/,guide,guide,zh-TW,random,random,,,0.846,0.742,yes,ADJACENT,NO,LOW,related learning topics; answer role may differ
106,https://funnytools.win/en/tools/standard-deviation/,https://funnytools.win/en/tools/z-score-calculator/,tool,tool,en,statistics,statistics,standard-deviation,z-score-calculator,0.845,0.674,yes,ADJACENT,NO,LOW,related topic but functional input/computation/output differs
107,https://funnytools.win/es/condiciones-de-uso/,https://funnytools.win/es/sobre-funnytools/,legal,legal,es,general,general,,,0.845,0.842,yes,ADJACENT,UNKNOWN,LOW,topic-adjacent pages with different page roles
108,https://funnytools.win/es/herramientas/dividir-pdf/,https://funnytools.win/es/herramientas/extraer-paginas-pdf/,tool,tool,es,pdf,pdf,split-pdf,extract-pdf-pages,0.845,0.836,yes,DIFFERENT,NO,LOW,document operation outcome differs even when source format overlaps
109,https://funnytools.win/tools/independent-samples-t-test-calculator/,https://funnytools.win/tools/standard-deviation/,tool,tool,zh-TW,statistics,statistics,independent-samples-t-test-calculator,standard-deviation,0.845,0.658,yes,ADJACENT,NO,LOW,related topic but functional input/computation/output differs
110,https://funnytools.win/tools/pdf-table-to-excel/,https://funnytools.win/tools/pdf-to-word/,tool,tool,zh-TW,pdf,pdf,pdf-table-to-excel,pdf-to-word,0.845,0.728,yes,DIFFERENT,NO,LOW,directional converter inputs/outputs differ
111,https://funnytools.win/fr/fonctionnement-outils/,https://funnytools.win/fr/outils/fusionner-pdf/,legal,tool,fr,general,pdf,,merge-pdf,0.844,0.839,no,UNKNOWN,UNKNOWN,LOW,page roles cannot be deterministically compared
112,https://funnytools.win/fr/outils/compresser-image/,https://funnytools.win/fr/outils/convertir-jpg-en-png/,tool,tool,fr,image,image,image-compressor,jpg-to-png,0.844,0.834,yes,ADJACENT,NO,LOW,related topic but functional input/computation/output differs
113,https://funnytools.win/fr/outils/compresser-image/,https://funnytools.win/fr/outils/convertir-jpg-en-webp/,tool,tool,fr,image,image,image-compressor,jpg-to-webp,0.844,0.842,yes,ADJACENT,NO,LOW,related topic but functional input/computation/output differs
114,https://funnytools.win/guides/classroom-random-group-guide/,https://funnytools.win/guides/classroom-random-group-no-repeat-guide/,guide,guide,zh-TW,random,random,,,0.844,0.722,yes,ADJACENT,NO,LOW,related learning topics; answer role may differ
115,https://funnytools.win/fr/confidentialite/,https://funnytools.win/fr/fonctionnement-outils/,legal,legal,fr,general,general,,,0.843,0.846,yes,ADJACENT,UNKNOWN,LOW,topic-adjacent pages with different page roles
116,https://funnytools.win/tools/pdf-page-reorder/,https://funnytools.win/tools/rotate-pdf/,tool,tool,zh-TW,pdf,pdf,pdf-page-reorder,rotate-pdf,0.843,0.746,yes,DIFFERENT,NO,LOW,document operation outcome differs even when source format overlaps
117,https://funnytools.win/en/guides/z-score-calculator-guide/,https://funnytools.win/en/tools/z-score-calculator/,guide,tool,en,statistics,statistics,,z-score-calculator,0.842,0.745,yes,COMPLEMENTARY,NO,LOW,tool is DO intent; guide is LEARN intent; keep both by default
118,https://funnytools.win/es/categorias/estadistica/,https://funnytools.win/es/flujos/informe-estadistico-investigacion/,category,workflow,es,statistics,statistics,,,0.842,0.836,yes,ADJACENT,UNKNOWN,LOW,topic-adjacent pages with different page roles
119,https://funnytools.win/es/guias/prueba-t-formato-apa-7/,https://funnytools.win/es/herramientas/calculadora-t-muestras-independientes/,guide,tool,es,general,statistics,,independent-samples-t-test-calculator,0.842,0.836,no,COMPLEMENTARY,NO,LOW,tool is DO intent; guide is LEARN intent; keep both by default
120,https://funnytools.win/tools/class-rank-percentile-calculator/,https://funnytools.win/tools/percentile-rank-calculator/,tool,tool,zh-TW,statistics,statistics,class-rank-percentile-calculator,percentile-rank-calculator,0.842,0.669,yes,ADJACENT,NO,LOW,related topic but functional input/computation/output differs
121,https://funnytools.win/category/study/,https://funnytools.win/workflows/teacher-classroom-random-toolkit/,category,workflow,zh-TW,study,random,,,0.841,0.588,no,UNKNOWN,UNKNOWN,LOW,page roles cannot be deterministically compared
122,https://funnytools.win/es/apoyar-funnytools/,https://funnytools.win/es/contacto/,support,legal,es,general,general,,,0.841,0.843,yes,ADJACENT,UNKNOWN,LOW,topic-adjacent pages with different page roles
123,https://funnytools.win/fr/outils/diviser-pdf/,https://funnytools.win/fr/outils/fusionner-pdf/,tool,tool,fr,pdf,pdf,split-pdf,merge-pdf,0.841,0.841,yes,DIFFERENT,NO,LOW,document operation outcome differs even when source format overlaps
124,https://funnytools.win/es/categorias/estudio/,https://funnytools.win/es/guias/grupos-aleatorios-clase/,category,guide,es,study,random,,,0.840,0.830,no,UNKNOWN,UNKNOWN,LOW,page roles cannot be deterministically compared
125,https://funnytools.win/es/estadisticas-educativas/,https://funnytools.win/es/guias/,other,hub,es,statistics,general,,,0.840,0.798,no,UNKNOWN,UNKNOWN,LOW,page roles cannot be deterministically compared
126,https://funnytools.win/es/herramientas/eliminar-paginas-pdf/,https://funnytools.win/es/herramientas/rotar-pdf/,tool,tool,es,pdf,pdf,delete-pdf-pages,rotate-pdf,0.840,0.839,yes,DIFFERENT,NO,LOW,document operation outcome differs even when source format overlaps
127,https://funnytools.win/guides/merge-pdf-private-guide/,https://funnytools.win/tools/merge-pdf/,guide,tool,zh-TW,pdf,pdf,,merge-pdf,0.840,0.782,yes,COMPLEMENTARY,NO,LOW,tool is DO intent; guide is LEARN intent; keep both by default
128,https://funnytools.win/tools/bulk-image-compressor/,https://funnytools.win/tools/image-compressor/,tool,tool,zh-TW,image,image,bulk-image-compressor,image-compressor,0.840,0.684,yes,ADJACENT,NO,LOW,related topic but functional input/computation/output differs
129,https://funnytools.win/tools/group-generator/,https://funnytools.win/workflows/teacher-classroom-random-toolkit/,tool,workflow,zh-TW,study,random,group-generator,,0.840,0.668,no,UNKNOWN,UNKNOWN,LOW,page roles cannot be deterministically compared
130,https://funnytools.win/es/categorias/estadistica/,https://funnytools.win/es/guias/,category,hub,es,statistics,general,,,0.839,0.813,no,UNKNOWN,UNKNOWN,LOW,page roles cannot be deterministically compared
131,https://funnytools.win/es/flujos/actividades-aleatorias-aula/,https://funnytools.win/es/para/docentes/,workflow,audience,es,random,teachers,,,0.839,0.797,no,UNKNOWN,UNKNOWN,LOW,page roles cannot be deterministically compared
132,https://funnytools.win/es/guias/limite-palabras-ensayos-examenes/,https://funnytools.win/es/herramientas/contador-palabras/,guide,tool,es,text,text,,word-counter,0.839,0.836,yes,COMPLEMENTARY,NO,LOW,tool is DO intent; guide is LEARN intent; keep both by default
133,https://funnytools.win/es/herramientas/recortar-imagen/,https://funnytools.win/es/herramientas/redimensionar-imagen/,tool,tool,es,image,image,image-crop,image-resizer,0.839,0.834,yes,ADJACENT,NO,LOW,related topic but functional input/computation/output differs
134,https://funnytools.win/tools/mortgage-payment/,https://funnytools.win/tools/savings-goal/,tool,tool,zh-TW,money,money,mortgage-payment,savings-goal,0.839,0.765,yes,ADJACENT,NO,LOW,related topic but functional input/computation/output differs
135,https://funnytools.win/tools/normalized-score-converter/,https://funnytools.win/tools/percentile-rank-calculator/,tool,tool,zh-TW,statistics,statistics,normalized-score-converter,percentile-rank-calculator,0.839,0.496,yes,ADJACENT,NO,LOW,related topic but functional input/computation/output differs
136,https://funnytools.win/tools/random-name-picker/,https://funnytools.win/tools/random-wheel/,tool,tool,zh-TW,random,random,random-name-picker,random-wheel,0.839,0.590,yes,ADJACENT,NO,LOW,related topic but functional input/computation/output differs
137,https://funnytools.win/tools/t-score-calculator/,https://funnytools.win/workflows/teacher-exam-score-toolkit/,tool,workflow,zh-TW,statistics,statistics,t-score-calculator,,0.839,0.722,yes,ADJACENT,UNKNOWN,LOW,topic-adjacent pages with different page roles
138,https://funnytools.win/en/guides/z-score-calculator-guide/,https://funnytools.win/en/tools/t-score-calculator/,guide,tool,en,statistics,statistics,,t-score-calculator,0.838,0.679,yes,COMPLEMENTARY,NO,LOW,tool is DO intent; guide is LEARN intent; keep both by default
139,https://funnytools.win/es/guias/comprimir-fotos-para-email/,https://funnytools.win/es/herramientas/comprimir-imagenes/,guide,tool,es,image,image,,image-compressor,0.838,0.834,yes,COMPLEMENTARY,NO,LOW,tool is DO intent; guide is LEARN intent; keep both by default
140,https://funnytools.win/fr/outils/supprimer-lignes-doublons/,https://funnytools.win/fr/outils/trier-lignes-texte/,tool,tool,fr,text,text,remove-duplicate-lines,sort-lines,0.838,0.825,yes,ADJACENT,NO,LOW,related topic but functional input/computation/output differs
141,https://funnytools.win/en/tools/jpg-to-png/,https://funnytools.win/en/tools/webp-to-jpg/,tool,tool,en,image,image,jpg-to-png,webp-to-jpg,0.837,0.723,yes,DIFFERENT,NO,LOW,directional converter inputs/outputs differ
142,https://funnytools.win/es/aviso-legal/,https://funnytools.win/es/categorias/estudio/,other,category,es,general,study,,,0.837,0.826,no,UNKNOWN,UNKNOWN,LOW,page roles cannot be deterministically compared
143,https://funnytools.win/es/guias/agrupamientos-equitativos-aula/,https://funnytools.win/es/guias/grupos-aleatorios-clase/,guide,guide,es,random,random,,,0.837,0.836,yes,ADJACENT,NO,LOW,related learning topics; answer role may differ
144,https://funnytools.win/es/guias/fotos-a-pdf-desde-movil/,https://funnytools.win/es/herramientas/convertir-imagenes-a-pdf/,guide,tool,es,pdf,pdf,,images-to-pdf,0.837,0.832,yes,COMPLEMENTARY,NO,LOW,tool is DO intent; guide is LEARN intent; keep both by default
145,https://funnytools.win/es/guias/puntuacion-z-interpretacion/,https://funnytools.win/es/herramientas/calculadora-puntuacion-z/,guide,tool,es,statistics,statistics,,z-score-calculator,0.837,0.825,yes,COMPLEMENTARY,NO,LOW,tool is DO intent; guide is LEARN intent; keep both by default
146,https://funnytools.win/tools/random-name-picker/,https://funnytools.win/tools/random-number-picker/,tool,tool,zh-TW,random,random,random-name-picker,random-number-picker,0.837,0.695,yes,ADJACENT,NO,LOW,related topic but functional input/computation/output differs
147,https://funnytools.win/tools/teacher-exam-score-converter/,https://funnytools.win/workflows/teacher-exam-score-toolkit/,tool,workflow,zh-TW,statistics,statistics,teacher-exam-score-converter,,0.837,0.765,yes,ADJACENT,UNKNOWN,LOW,topic-adjacent pages with different page roles
148,https://funnytools.win/tools/z-score-calculator/,https://funnytools.win/workflows/teacher-exam-score-toolkit/,tool,workflow,zh-TW,statistics,statistics,z-score-calculator,,0.837,0.727,yes,ADJACENT,UNKNOWN,LOW,topic-adjacent pages with different page roles
149,https://funnytools.win/es/categorias/estadistica/,https://funnytools.win/es/categorias/estudio/,category,category,es,statistics,study,,,0.836,0.824,no,ADJACENT,UNKNOWN,LOW,shared hierarchy vocabulary does not prove redundant page role
150,https://funnytools.win/es/herramientas/eliminar-lineas-duplicadas/,https://funnytools.win/es/herramientas/ordenar-lineas-texto/,tool,tool,es,text,text,remove-duplicate-lines,sort-lines,0.836,0.832,yes,ADJACENT,NO,LOW,related topic but functional input/computation/output differs
151,https://funnytools.win/for/students/,https://funnytools.win/workflows/student-report-toolkit/,audience,workflow,zh-TW,students,general,,,0.836,0.704,yes,UNKNOWN,UNKNOWN,LOW,page roles cannot be deterministically compared
152,https://funnytools.win/guides/image-resampling-quality-guide/,https://funnytools.win/guides/image-resolution-print-web-guide/,guide,guide,zh-TW,image,image,,,0.836,0.716,yes,ADJACENT,NO,LOW,related learning topics; answer role may differ
153,https://funnytools.win/tools/image-compressor/,https://funnytools.win/tools/jpg-to-png/,tool,tool,zh-TW,image,image,image-compressor,jpg-to-png,0.836,0.667,yes,ADJACENT,NO,LOW,related topic but functional input/computation/output differs
154,https://funnytools.win/en/guides/t-score-calculator-guide/,https://funnytools.win/en/workflows/teacher-exam-score-toolkit/,guide,workflow,en,statistics,statistics,,,0.835,0.690,yes,ADJACENT,UNKNOWN,LOW,topic-adjacent pages with different page roles
155,https://funnytools.win/es/aviso-legal/,https://funnytools.win/es/para/oficina/,other,audience,es,general,office-workers,,,0.835,0.825,no,UNKNOWN,UNKNOWN,LOW,page roles cannot be deterministically compared
156,https://funnytools.win/es/categorias/pdf/,https://funnytools.win/es/guias/fotos-a-pdf-desde-movil/,category,guide,es,pdf,pdf,,,0.835,0.822,yes,ADJACENT,UNKNOWN,LOW,topic-adjacent pages with different page roles
157,https://funnytools.win/es/guias/fotos-a-pdf-desde-movil/,https://funnytools.win/es/guias/unir-pdf-sin-subir-archivos/,guide,guide,es,pdf,pdf,,,0.835,0.827,yes,ADJACENT,NO,LOW,related learning topics; answer role may differ
158,https://funnytools.win/tools/normalized-score-converter/,https://funnytools.win/tools/t-score-calculator/,tool,tool,zh-TW,statistics,statistics,normalized-score-converter,t-score-calculator,0.835,0.739,yes,ADJACENT,NO,LOW,related topic but functional input/computation/output differs
159,https://funnytools.win/tools/pdf-page-reorder/,https://funnytools.win/tools/pdf-to-image/,tool,tool,zh-TW,pdf,pdf,pdf-page-reorder,pdf-to-image,0.835,0.686,yes,DIFFERENT,NO,LOW,document operation outcome differs even when source format overlaps
160,https://funnytools.win/es/categorias/estudio/,https://funnytools.win/es/guias/,category,hub,es,study,general,,,0.834,0.813,no,UNKNOWN,UNKNOWN,LOW,page roles cannot be deterministically compared
161,https://funnytools.win/es/condiciones-de-uso/,https://funnytools.win/es/privacidad/,legal,legal,es,general,general,,,0.834,0.826,yes,ADJACENT,UNKNOWN,LOW,topic-adjacent pages with different page roles
162,https://funnytools.win/fr/outils/roue-aleatoire/,https://funnytools.win/fr/outils/tirage-au-sort-noms/,tool,tool,fr,random,random,random-wheel,random-name-picker,0.834,0.837,yes,ADJACENT,NO,LOW,related topic but functional input/computation/output differs
163,https://funnytools.win/tools/age-calculator/,https://funnytools.win/tools/date-difference/,tool,tool,zh-TW,time,time,age-calculator,date-difference,0.834,0.671,yes,ADJACENT,NO,LOW,related topic but functional input/computation/output differs
164,https://funnytools.win/es/guias/anova-formato-apa-7/,https://funnytools.win/es/guias/interaccion-anova-dos-factores/,guide,guide,es,statistics,statistics,,,0.833,0.831,yes,ADJACENT,NO,LOW,related learning topics; answer role may differ
165,https://funnytools.win/es/herramientas/calculadora-interes-compuesto/,https://funnytools.win/es/herramientas/calculadora-meta-ahorro/,tool,tool,es,money,money,compound-interest,savings-goal,0.833,0.834,yes,ADJACENT,NO,LOW,related topic but functional input/computation/output differs
166,https://funnytools.win/es/herramientas/crear-grafico-barras/,https://funnytools.win/es/herramientas/crear-grafico-circular/,tool,tool,es,draw,draw,bar-chart-maker,pie-chart-maker,0.833,0.831,yes,ADJACENT,NO,LOW,related topic but functional input/computation/output differs
167,https://funnytools.win/es/herramientas/crear-grupos-clase/,https://funnytools.win/es/herramientas/generador-grupos-aleatorios/,tool,tool,es,study,random,group-generator,random-group-generator,0.833,0.828,no,DIFFERENT,NO,LOW,different functional category
168,https://funnytools.win/tools/merge-pdf/,https://funnytools.win/tools/pdf-page-reorder/,tool,tool,zh-TW,pdf,pdf,merge-pdf,pdf-page-reorder,0.833,0.685,yes,DIFFERENT,NO,LOW,document operation outcome differs even when source format overlaps
169,https://funnytools.win/en/guides/t-score-calculator-guide/,https://funnytools.win/en/guides/z-score-calculator-guide/,guide,guide,en,statistics,statistics,,,0.832,0.726,yes,ADJACENT,NO,LOW,related learning topics; answer role may differ
170,https://funnytools.win/es/categorias/pdf/,https://funnytools.win/es/herramientas/unir-pdf/,category,tool,es,pdf,pdf,,merge-pdf,0.832,0.824,yes,ADJACENT,UNKNOWN,LOW,topic-adjacent pages with different page roles
171,https://funnytools.win/es/categorias/texto/,https://funnytools.win/es/para/desarrolladores/,category,audience,es,text,developers,,,0.832,0.811,no,UNKNOWN,UNKNOWN,LOW,page roles cannot be deterministically compared
172,https://funnytools.win/fr/outils/creer-diagramme-circulaire/,https://funnytools.win/fr/outils/creer-graphique-barres/,tool,tool,fr,draw,draw,pie-chart-maker,bar-chart-maker,0.832,0.825,yes,ADJACENT,NO,LOW,related topic but functional input/computation/output differs
173,https://funnytools.win/guides/split-pdf-page-range-planning-guide/,https://funnytools.win/tools/split-pdf/,guide,tool,zh-TW,pdf,pdf,,split-pdf,0.832,0.719,yes,COMPLEMENTARY,NO,LOW,tool is DO intent; guide is LEARN intent; keep both by default
174,https://funnytools.win/es/categorias/azar/,https://funnytools.win/es/flujos/decisiones-cotidianas/,category,workflow,es,random,general,,,0.831,0.827,no,UNKNOWN,UNKNOWN,LOW,page roles cannot be deterministically compared
175,https://funnytools.win/es/flujos/,https://funnytools.win/es/para/oficina/,hub,audience,es,drawing,office-workers,,,0.831,0.811,no,UNKNOWN,UNKNOWN,LOW,page roles cannot be deterministically compared
176,https://funnytools.win/es/herramientas/comprimir-imagenes/,https://funnytools.win/es/herramientas/redimensionar-imagen/,tool,tool,es,image,image,image-compressor,image-resizer,0.831,0.826,yes,ADJACENT,NO,LOW,related topic but functional input/computation/output differs
177,https://funnytools.win/guides/merge-pdf-reading-order-checklist-guide/,https://funnytools.win/guides/pdf-page-reorder-appendix-merge-check-guide/,guide,guide,zh-TW,pdf,pdf,,,0.831,0.726,yes,ADJACENT,NO,LOW,related learning topics; answer role may differ
178,https://funnytools.win/tools/independent-samples-t-test-calculator/,https://funnytools.win/tools/normalized-score-converter/,tool,tool,zh-TW,statistics,statistics,independent-samples-t-test-calculator,normalized-score-converter,0.831,0.580,yes,ADJACENT,NO,LOW,related topic but functional input/computation/output differs
179,https://funnytools.win/category/random/,https://funnytools.win/workflows/teacher-classroom-random-toolkit/,category,workflow,zh-TW,random,random,,,0.830,0.541,yes,ADJACENT,UNKNOWN,LOW,topic-adjacent pages with different page roles
180,https://funnytools.win/category/statistics/,https://funnytools.win/workflows/teacher-exam-score-toolkit/,category,workflow,zh-TW,statistics,statistics,,,0.830,0.750,yes,ADJACENT,UNKNOWN,LOW,topic-adjacent pages with different page roles
181,https://funnytools.win/en/tools/teacher-exam-score-converter/,https://funnytools.win/en/tools/weighted-average-calculator/,tool,tool,en,statistics,statistics,teacher-exam-score-converter,weighted-average-calculator,0.830,0.700,yes,ADJACENT,NO,LOW,related topic but functional input/computation/output differs
182,https://funnytools.win/es/apoyar-funnytools/,https://funnytools.win/es/sobre-funnytools/,support,legal,es,general,general,,,0.830,0.829,yes,ADJACENT,UNKNOWN,LOW,topic-adjacent pages with different page roles
183,https://funnytools.win/es/guias/,https://funnytools.win/es/para/docentes/,hub,audience,es,general,teachers,,,0.830,0.771,no,UNKNOWN,UNKNOWN,LOW,page roles cannot be deterministically compared
184,https://funnytools.win/es/herramientas/generador-informe-apa-7/,https://funnytools.win/es/herramientas/interpretar-resultados-spss/,tool,tool,es,statistics,statistics,apa-7-report-generator,spss-result-interpreter,0.830,0.818,yes,ADJACENT,NO,LOW,related topic but functional input/computation/output differs
185,https://funnytools.win/es/para/creadores/,https://funnytools.win/es/para/disenadores/,audience,audience,es,creators,designers,,,0.830,0.781,no,ADJACENT,UNKNOWN,LOW,shared hierarchy vocabulary does not prove redundant page role
186,https://funnytools.win/es/para/,https://funnytools.win/es/para/oficina/,hub,audience,es,general,office-workers,,,0.830,0.802,no,UNKNOWN,UNKNOWN,LOW,page roles cannot be deterministically compared
187,https://funnytools.win/guides/fair-student-grouping-guide/,https://funnytools.win/workflows/teacher-classroom-random-toolkit/,guide,workflow,zh-TW,random,random,,,0.830,0.677,yes,ADJACENT,UNKNOWN,LOW,topic-adjacent pages with different page roles
188,https://funnytools.win/tools/base64/,https://funnytools.win/tools/url-encoder/,tool,tool,zh-TW,text,text,base64,url-encoder,0.830,0.610,yes,ADJACENT,NO,LOW,related topic but functional input/computation/output differs
189,https://funnytools.win/tools/bulk-image-compressor/,https://funnytools.win/tools/jpg-to-webp/,tool,tool,zh-TW,image,image,bulk-image-compressor,jpg-to-webp,0.830,0.668,yes,ADJACENT,NO,LOW,related topic but functional input/computation/output differs
190,https://funnytools.win/en/guides/t-score-calculator-guide/,https://funnytools.win/en/tools/z-score-calculator/,guide,tool,en,statistics,statistics,,z-score-calculator,0.829,0.764,yes,COMPLEMENTARY,NO,LOW,tool is DO intent; guide is LEARN intent; keep both by default
191,https://funnytools.win/es/flujos/,https://funnytools.win/es/para/,hub,hub,es,drawing,general,,,0.829,0.792,no,ADJACENT,UNKNOWN,LOW,shared hierarchy vocabulary does not prove redundant page role
192,https://funnytools.win/es/guias/prueba-t-formato-apa-7/,https://funnytools.win/es/herramientas/interpretar-resultados-spss/,guide,tool,es,general,statistics,,spss-result-interpreter,0.829,0.821,no,COMPLEMENTARY,NO,LOW,tool is DO intent; guide is LEARN intent; keep both by default
193,https://funnytools.win/es/herramientas/calculadora-dias-laborables/,https://funnytools.win/es/herramientas/calcular-diferencia-entre-fechas/,tool,tool,es,time,time,business-days,date-difference,0.829,0.825,yes,ADJACENT,NO,LOW,related topic but functional input/computation/output differs
194,https://funnytools.win/es/herramientas/recordatorio-descansos/,https://funnytools.win/es/herramientas/temporizador-online/,tool,tool,es,time,time,break-reminder,countdown-timer,0.829,0.827,yes,ADJACENT,NO,LOW,related topic but functional input/computation/output differs
195,https://funnytools.win/guides/teacher-exam-weighted-score-guide/,https://funnytools.win/tools/weighted-average-calculator/,guide,tool,zh-TW,statistics,statistics,,weighted-average-calculator,0.829,0.693,yes,COMPLEMENTARY,NO,LOW,tool is DO intent; guide is LEARN intent; keep both by default
196,https://funnytools.win/en/tools/class-rank-percentile-calculator/,https://funnytools.win/en/tools/percentile-rank-calculator/,tool,tool,en,statistics,statistics,class-rank-percentile-calculator,percentile-rank-calculator,0.828,0.599,yes,ADJACENT,NO,LOW,related topic but functional input/computation/output differs
197,https://funnytools.win/es/categorias/estudio/,https://funnytools.win/es/flujos/,category,hub,es,study,drawing,,,0.828,0.808,no,UNKNOWN,UNKNOWN,LOW,page roles cannot be deterministically compared
198,https://funnytools.win/es/herramientas/comprimir-imagenes/,https://funnytools.win/es/herramientas/convertir-jpg-a-png/,tool,tool,es,image,image,image-compressor,jpg-to-png,0.828,0.822,yes,ADJACENT,NO,LOW,related topic but functional input/computation/output differs
199,https://funnytools.win/es/herramientas/extraer-paginas-pdf/,https://funnytools.win/es/herramientas/rotar-pdf/,tool,tool,es,pdf,pdf,extract-pdf-pages,rotate-pdf,0.828,0.828,yes,DIFFERENT,NO,LOW,document operation outcome differs even when source format overlaps
200,https://funnytools.win/es/para/creadores/,https://funnytools.win/es/para/oficina/,audience,audience,es,creators,office-workers,,,0.828,0.810,no,ADJACENT,UNKNOWN,LOW,shared hierarchy vocabulary does not prove redundant page role
201,https://funnytools.win/education-statistics/,https://funnytools.win/tools/z-score-calculator/,other,tool,zh-TW,statistics,statistics,,z-score-calculator,0.827,0.693,yes,ADJACENT,UNKNOWN,LOW,topic-adjacent pages with different page roles
202,https://funnytools.win/en/tools/t-score-calculator/,https://funnytools.win/en/workflows/teacher-exam-score-toolkit/,tool,workflow,en,statistics,statistics,t-score-calculator,,0.827,0.641,yes,ADJACENT,UNKNOWN,LOW,topic-adjacent pages with different page roles
203,https://funnytools.win/es/categorias/estudio/,https://funnytools.win/es/flujos/actividades-aleatorias-aula/,category,workflow,es,study,random,,,0.827,0.804,no,UNKNOWN,UNKNOWN,LOW,page roles cannot be deterministically compared
204,https://funnytools.win/es/como-funcionan-las-herramientas/,https://funnytools.win/es/guias/unir-pdf-sin-subir-archivos/,legal,guide,es,general,pdf,,,0.827,0.823,no,UNKNOWN,UNKNOWN,LOW,page roles cannot be deterministically compared
205,https://funnytools.win/es/flujos/informe-estadistico-investigacion/,https://funnytools.win/es/herramientas/interpretar-resultados-spss/,workflow,tool,es,statistics,statistics,,spss-result-interpreter,0.827,0.830,yes,ADJACENT,UNKNOWN,LOW,topic-adjacent pages with different page roles
206,https://funnytools.win/es/herramientas/dividir-pdf/,https://funnytools.win/es/herramientas/eliminar-paginas-pdf/,tool,tool,es,pdf,pdf,split-pdf,delete-pdf-pages,0.827,0.827,yes,DIFFERENT,NO,LOW,document operation outcome differs even when source format overlaps
207,https://funnytools.win/guides/seating-chart-changeover-routine-guide/,https://funnytools.win/guides/seating-chart-student-needs-intake-guide/,guide,guide,zh-TW,drawing,drawing,,,0.827,0.755,yes,ADJACENT,NO,LOW,related learning topics; answer role may differ
208,https://funnytools.win/category/statistics/,https://funnytools.win/tools/z-score-calculator/,category,tool,zh-TW,statistics,statistics,,z-score-calculator,0.826,0.749,yes,ADJACENT,UNKNOWN,LOW,topic-adjacent pages with different page roles
209,https://funnytools.win/es/aviso-legal/,https://funnytools.win/es/como-funcionan-las-herramientas/,other,legal,es,general,general,,,0.826,0.823,yes,ADJACENT,UNKNOWN,LOW,topic-adjacent pages with different page roles
210,https://funnytools.win/es/categorias/estudio/,https://funnytools.win/es/sobre-funnytools/,category,legal,es,study,general,,,0.826,0.816,no,UNKNOWN,UNKNOWN,LOW,page roles cannot be deterministically compared
211,https://funnytools.win/es/herramientas/comprimir-imagenes/,https://funnytools.win/es/herramientas/recortar-imagen/,tool,tool,es,image,image,image-compressor,image-crop,0.826,0.820,yes,ADJACENT,NO,LOW,related topic but functional input/computation/output differs
212,https://funnytools.win/fr/fonctionnement-outils/,https://funnytools.win/fr/outils/diviser-pdf/,legal,tool,fr,general,pdf,,split-pdf,0.826,0.825,no,UNKNOWN,UNKNOWN,LOW,page roles cannot be deterministically compared
213,https://funnytools.win/fr/outils/calcul-moyenne-notes/,https://funnytools.win/fr/outils/calculateur-moyenne-ponderee/,tool,tool,fr,statistics,statistics,grade-average,weighted-average-calculator,0.826,0.814,yes,ADJACENT,NO,LOW,related topic but functional input/computation/output differs
214,https://funnytools.win/fr/outils/generateur-nombres-aleatoires/,https://funnytools.win/fr/outils/tirage-au-sort-noms/,tool,tool,fr,random,random,random-number-picker,random-name-picker,0.826,0.823,yes,ADJACENT,NO,LOW,related topic but functional input/computation/output differs
215,https://funnytools.win/tools/independent-samples-t-test-calculator/,https://funnytools.win/tools/z-score-calculator/,tool,tool,zh-TW,statistics,statistics,independent-samples-t-test-calculator,z-score-calculator,0.826,0.612,yes,ADJACENT,NO,LOW,related topic but functional input/computation/output differs
216,https://funnytools.win/es/categorias/estudio/,https://funnytools.win/es/guias/agrupamientos-equitativos-aula/,category,guide,es,study,random,,,0.825,0.821,no,UNKNOWN,UNKNOWN,LOW,page roles cannot be deterministically compared
217,https://funnytools.win/es/categorias/pdf/,https://funnytools.win/es/herramientas/dividir-pdf/,category,tool,es,pdf,pdf,,split-pdf,0.825,0.818,yes,ADJACENT,UNKNOWN,LOW,topic-adjacent pages with different page roles
218,https://funnytools.win/es/flujos/documentos-oficina/,https://funnytools.win/es/para/oficina/,workflow,audience,es,pdf,office-workers,,,0.825,0.797,no,UNKNOWN,UNKNOWN,LOW,page roles cannot be deterministically compared
219,https://funnytools.win/es/guias/prueba-t-formato-apa-7/,https://funnytools.win/es/herramientas/generador-informe-apa-7/,guide,tool,es,general,statistics,,apa-7-report-generator,0.825,0.802,no,COMPLEMENTARY,NO,LOW,tool is DO intent; guide is LEARN intent; keep both by default
220,https://funnytools.win/es/herramientas/comprimir-imagenes/,https://funnytools.win/es/herramientas/convertir-webp-a-jpg/,tool,tool,es,image,image,image-compressor,webp-to-jpg,0.825,0.831,yes,ADJACENT,NO,LOW,related topic but functional input/computation/output differs
221,https://funnytools.win/es/privacidad/,https://funnytools.win/es/sobre-funnytools/,legal,legal,es,general,general,,,0.825,0.819,yes,ADJACENT,UNKNOWN,LOW,topic-adjacent pages with different page roles
222,https://funnytools.win/tools/weighted-average-calculator/,https://funnytools.win/workflows/teacher-exam-score-toolkit/,tool,workflow,zh-TW,statistics,statistics,weighted-average-calculator,,0.825,0.666,yes,ADJACENT,UNKNOWN,LOW,topic-adjacent pages with different page roles
223,https://funnytools.win/category/study/,https://funnytools.win/for/teachers/,category,audience,zh-TW,study,teachers,,,0.824,0.567,no,UNKNOWN,UNKNOWN,LOW,page roles cannot be deterministically compared
224,https://funnytools.win/en/tools/apa-7-report-generator/,https://funnytools.win/en/tools/spss-result-interpreter/,tool,tool,en,statistics,statistics,apa-7-report-generator,spss-result-interpreter,0.824,0.367,yes,ADJACENT,NO,LOW,related topic but functional input/computation/output differs
225,https://funnytools.win/es/categorias/estadistica/,https://funnytools.win/es/herramientas/calculadora-puntuacion-z/,category,tool,es,statistics,statistics,,z-score-calculator,0.824,0.822,yes,ADJACENT,UNKNOWN,LOW,topic-adjacent pages with different page roles
226,https://funnytools.win/es/categorias/pdf/,https://funnytools.win/es/herramientas/extraer-paginas-pdf/,category,tool,es,pdf,pdf,,extract-pdf-pages,0.824,0.812,yes,ADJACENT,UNKNOWN,LOW,topic-adjacent pages with different page roles
227,https://funnytools.win/es/flujos/,https://funnytools.win/es/para/estudiantes/,hub,audience,es,drawing,students,,,0.824,0.776,no,UNKNOWN,UNKNOWN,LOW,page roles cannot be deterministically compared
228,https://funnytools.win/es/guias/,https://funnytools.win/es/para/,hub,hub,es,general,general,,,0.824,0.800,yes,ADJACENT,UNKNOWN,LOW,shared hierarchy vocabulary does not prove redundant page role
229,https://funnytools.win/tools/percentile-rank-calculator/,https://funnytools.win/tools/standard-deviation/,tool,tool,zh-TW,statistics,statistics,percentile-rank-calculator,standard-deviation,0.824,0.537,yes,ADJACENT,NO,LOW,related topic but functional input/computation/output differs
230,https://funnytools.win/tools/random-wheel/,https://funnytools.win/tools/this-or-that/,tool,tool,zh-TW,random,random,random-wheel,this-or-that,0.824,0.658,yes,ADJACENT,NO,LOW,related topic but functional input/computation/output differs
231,https://funnytools.win/en/tools/csv-to-json/,https://funnytools.win/en/tools/json-to-csv/,tool,tool,en,text,text,csv-to-json,json-to-csv,0.823,0.724,yes,DIFFERENT,NO,LOW,directional converter inputs/outputs differ
232,https://funnytools.win/es/categorias/azar/,https://funnytools.win/es/categorias/estudio/,category,category,es,random,study,,,0.823,0.818,no,ADJACENT,UNKNOWN,LOW,shared hierarchy vocabulary does not prove redundant page role
233,https://funnytools.win/es/categorias/dibujo/,https://funnytools.win/es/para/disenadores/,category,audience,es,draw,designers,,,0.823,0.794,no,UNKNOWN,UNKNOWN,LOW,page roles cannot be deterministically compared
234,https://funnytools.win/es/para/oficina/,https://funnytools.win/es/sobre-funnytools/,audience,legal,es,office-workers,general,,,0.823,0.812,no,UNKNOWN,UNKNOWN,LOW,page roles cannot be deterministically compared
235,https://funnytools.win/fr/outils/extraire-pages-pdf/,https://funnytools.win/fr/outils/supprimer-pages-pdf/,tool,tool,fr,pdf,pdf,extract-pdf-pages,delete-pdf-pages,0.823,0.815,yes,DIFFERENT,NO,LOW,document operation outcome differs even when source format overlaps
236,https://funnytools.win/guides/classroom-lottery-tool-guide/,https://funnytools.win/tools/random-name-picker/,guide,tool,zh-TW,random,random,,random-name-picker,0.823,0.645,yes,COMPLEMENTARY,NO,LOW,tool is DO intent; guide is LEARN intent; keep both by default
237,https://funnytools.win/guides/classroom-random-picker-guide/,https://funnytools.win/tools/random-student-picker/,guide,tool,zh-TW,random,study,,random-student-picker,0.823,0.618,no,COMPLEMENTARY,NO,LOW,tool is DO intent; guide is LEARN intent; keep both by default
238,https://funnytools.win/es/aviso-legal/,https://funnytools.win/es/flujos/,other,hub,es,general,drawing,,,0.822,0.809,no,UNKNOWN,UNKNOWN,LOW,page roles cannot be deterministically compared
239,https://funnytools.win/es/categorias/estudio/,https://funnytools.win/es/para/oficina/,category,audience,es,study,office-workers,,,0.822,0.815,no,UNKNOWN,UNKNOWN,LOW,page roles cannot be deterministically compared
240,https://funnytools.win/es/guias/,https://funnytools.win/es/para/oficina/,hub,audience,es,general,office-workers,,,0.822,0.805,no,UNKNOWN,UNKNOWN,LOW,page roles cannot be deterministically compared
241,https://funnytools.win/fr/outils/tirage-au-sort-eleves/,https://funnytools.win/fr/outils/tirage-au-sort-noms/,tool,tool,fr,study,random,random-student-picker,random-name-picker,0.822,0.825,no,DIFFERENT,NO,LOW,different functional category
242,https://funnytools.win/guides/merge-pdf-reading-order-checklist-guide/,https://funnytools.win/tools/merge-pdf/,guide,tool,zh-TW,pdf,pdf,,merge-pdf,0.822,0.659,yes,COMPLEMENTARY,NO,LOW,tool is DO intent; guide is LEARN intent; keep both by default
243,https://funnytools.win/category/statistics/,https://funnytools.win/tools/standard-deviation/,category,tool,zh-TW,statistics,statistics,,standard-deviation,0.821,0.740,yes,ADJACENT,UNKNOWN,LOW,topic-adjacent pages with different page roles
244,https://funnytools.win/es/aviso-legal/,https://funnytools.win/es/guias/,other,hub,es,general,general,,,0.821,0.806,yes,ADJACENT,UNKNOWN,LOW,topic-adjacent pages with different page roles
245,https://funnytools.win/tools/image-resizer/,https://funnytools.win/tools/jpg-to-png/,tool,tool,zh-TW,image,image,image-resizer,jpg-to-png,0.821,0.605,yes,ADJACENT,NO,LOW,related topic but functional input/computation/output differs
246,https://funnytools.win/en/tools/group-generator/,https://funnytools.win/en/tools/random-group-generator/,tool,tool,en,study,random,group-generator,random-group-generator,0.820,0.593,no,DIFFERENT,NO,LOW,different functional category
247,https://funnytools.win/es/como-funcionan-las-herramientas/,https://funnytools.win/es/condiciones-de-uso/,legal,legal,es,general,general,,,0.820,0.819,yes,ADJACENT,UNKNOWN,LOW,topic-adjacent pages with different page roles
248,https://funnytools.win/es/guias/comprimir-fotos-para-email/,https://funnytools.win/es/guias/fotos-a-pdf-desde-movil/,guide,guide,es,image,pdf,,,0.820,0.807,no,DIFFERENT,NO,LOW,different learning topic
249,https://funnytools.win/es/guias/,https://funnytools.win/es/para/estudiantes/,hub,audience,es,general,students,,,0.820,0.773,no,UNKNOWN,UNKNOWN,LOW,page roles cannot be deterministically compared
250,https://funnytools.win/guides/classroom-random-group-no-repeat-guide/,https://funnytools.win/guides/classroom-random-group-size-balance-guide/,guide,guide,zh-TW,random,random,,,0.820,0.710,yes,ADJACENT,NO,LOW,related learning topics; answer role may differ
251,https://funnytools.win/tools/percentile-rank-calculator/,https://funnytools.win/tools/t-score-calculator/,tool,tool,zh-TW,statistics,statistics,percentile-rank-calculator,t-score-calculator,0.820,0.596,yes,ADJACENT,NO,LOW,related topic but functional input/computation/output differs
252,https://funnytools.win/tools/random-student-picker/,https://funnytools.win/workflows/teacher-classroom-random-toolkit/,tool,workflow,zh-TW,study,random,random-student-picker,,0.820,0.528,no,UNKNOWN,UNKNOWN,LOW,page roles cannot be deterministically compared
253,https://funnytools.win/category/statistics/,https://funnytools.win/tools/weighted-average-calculator/,category,tool,zh-TW,statistics,statistics,,weighted-average-calculator,0.819,0.654,yes,ADJACENT,UNKNOWN,LOW,topic-adjacent pages with different page roles
254,https://funnytools.win/es/categorias/imagen/,https://funnytools.win/es/herramientas/comprimir-imagenes/,category,tool,es,image,image,,image-compressor,0.819,0.808,yes,ADJACENT,UNKNOWN,LOW,topic-adjacent pages with different page roles
255,https://funnytools.win/es/estadisticas-educativas/,https://funnytools.win/es/flujos/,other,hub,es,statistics,drawing,,,0.819,0.789,no,UNKNOWN,UNKNOWN,LOW,page roles cannot be deterministically compared
256,https://funnytools.win/es/flujos/informe-estadistico-investigacion/,https://funnytools.win/es/guias/prueba-t-formato-apa-7/,workflow,guide,es,statistics,general,,,0.819,0.804,no,UNKNOWN,UNKNOWN,LOW,page roles cannot be deterministically compared
257,https://funnytools.win/es/guias/codigos-qr-en-el-aula/,https://funnytools.win/es/herramientas/generador-codigo-qr/,guide,tool,es,general,image,,qr-code-generator,0.819,0.825,no,COMPLEMENTARY,NO,LOW,tool is DO intent; guide is LEARN intent; keep both by default
258,https://funnytools.win/es/herramientas/convertir-jpg-a-webp/,https://funnytools.win/es/herramientas/convertir-png-a-jpg/,tool,tool,es,image,image,jpg-to-webp,png-to-jpg,0.819,0.807,yes,DIFFERENT,NO,LOW,directional converter inputs/outputs differ
259,https://funnytools.win/es/herramientas/extraer-paginas-pdf/,https://funnytools.win/es/herramientas/ordenar-paginas-pdf/,tool,tool,es,pdf,pdf,extract-pdf-pages,pdf-page-reorder,0.819,0.815,yes,DIFFERENT,NO,LOW,document operation outcome differs even when source format overlaps
260,https://funnytools.win/es/flujos/,https://funnytools.win/es/para/docentes/,hub,audience,es,drawing,teachers,,,0.818,0.773,no,UNKNOWN,UNKNOWN,LOW,page roles cannot be deterministically compared
261,https://funnytools.win/guides/percentile-rank-guide/,https://funnytools.win/tools/percentile-rank-calculator/,guide,tool,zh-TW,statistics,statistics,,percentile-rank-calculator,0.818,0.663,yes,COMPLEMENTARY,NO,LOW,tool is DO intent; guide is LEARN intent; keep both by default
262,https://funnytools.win/tools/delete-pdf-pages/,https://funnytools.win/tools/split-pdf/,tool,tool,zh-TW,pdf,pdf,delete-pdf-pages,split-pdf,0.818,0.686,yes,DIFFERENT,NO,LOW,document operation outcome differs even when source format overlaps
263,https://funnytools.win/es/aviso-legal/,https://funnytools.win/es/categorias/azar/,other,category,es,general,random,,,0.817,0.807,no,UNKNOWN,UNKNOWN,LOW,page roles cannot be deterministically compared
264,https://funnytools.win/fr/outils/minuteur-en-ligne/,https://funnytools.win/fr/outils/rappel-pause-ecran/,tool,tool,fr,time,time,countdown-timer,break-reminder,0.817,0.811,yes,ADJACENT,NO,LOW,related topic but functional input/computation/output differs
265,https://funnytools.win/guides/chinese-english-mixed-word-count-guide/,https://funnytools.win/guides/word-count-vs-character-count-guide/,guide,guide,zh-TW,text,text,,,0.817,0.819,yes,ADJACENT,NO,LOW,related learning topics; answer role may differ
266,https://funnytools.win/guides/split-pdf-page-range-planning-guide/,https://funnytools.win/tools/extract-pdf-pages/,guide,tool,zh-TW,pdf,pdf,,extract-pdf-pages,0.817,0.689,yes,COMPLEMENTARY,NO,LOW,tool is DO intent; guide is LEARN intent; keep both by default
267,https://funnytools.win/category/text/,https://funnytools.win/tools/case-converter/,category,tool,zh-TW,text,text,,case-converter,0.816,0.595,yes,ADJACENT,UNKNOWN,LOW,topic-adjacent pages with different page roles
268,https://funnytools.win/es/como-funcionan-las-herramientas/,https://funnytools.win/es/privacidad/,legal,legal,es,general,general,,,0.816,0.822,yes,ADJACENT,UNKNOWN,LOW,topic-adjacent pages with different page roles
269,https://funnytools.win/es/flujos/decisiones-cotidianas/,https://funnytools.win/es/guias/ruleta-sorteos-clase/,workflow,guide,es,general,random,,,0.816,0.812,no,UNKNOWN,UNKNOWN,LOW,page roles cannot be deterministically compared
270,https://funnytools.win/es/guias/codigos-qr-en-el-aula/,https://funnytools.win/es/para/creadores/,guide,audience,es,general,creators,,,0.816,0.809,no,UNKNOWN,UNKNOWN,LOW,page roles cannot be deterministically compared
271,https://funnytools.win/es/guias/grafico-barras-trabajo-escolar/,https://funnytools.win/es/herramientas/crear-grafico-barras/,guide,tool,es,drawing,draw,,bar-chart-maker,0.816,0.815,no,COMPLEMENTARY,NO,LOW,tool is DO intent; guide is LEARN intent; keep both by default
272,https://funnytools.win/es/guias/ruleta-sorteos-clase/,https://funnytools.win/es/guias/selector-aleatorio-alumnos/,guide,guide,es,random,random,,,0.816,0.798,yes,ADJACENT,NO,LOW,related learning topics; answer role may differ
273,https://funnytools.win/es/herramientas/dividir-pdf/,https://funnytools.win/es/herramientas/unir-pdf/,tool,tool,es,pdf,pdf,split-pdf,merge-pdf,0.816,0.819,yes,DIFFERENT,NO,LOW,document operation outcome differs even when source format overlaps
274,https://funnytools.win/guides/classroom-random-group-shareable-result-guide/,https://funnytools.win/guides/classroom-random-group-size-balance-guide/,guide,guide,zh-TW,random,random,,,0.816,0.651,yes,ADJACENT,NO,LOW,related learning topics; answer role may differ
275,https://funnytools.win/tools/extract-pdf-pages/,https://funnytools.win/tools/pdf-to-image/,tool,tool,zh-TW,pdf,pdf,extract-pdf-pages,pdf-to-image,0.816,0.662,yes,DIFFERENT,NO,LOW,document operation outcome differs even when source format overlaps
276,https://funnytools.win/es/herramientas/convertir-jpg-a-png/,https://funnytools.win/es/herramientas/convertir-webp-a-jpg/,tool,tool,es,image,image,jpg-to-png,webp-to-jpg,0.815,0.801,yes,DIFFERENT,NO,LOW,directional converter inputs/outputs differ
277,https://funnytools.win/guides/classroom-lottery-tool-guide/,https://funnytools.win/workflows/teacher-classroom-random-toolkit/,guide,workflow,zh-TW,random,random,,,0.815,0.599,yes,ADJACENT,UNKNOWN,LOW,topic-adjacent pages with different page roles
278,https://funnytools.win/tools/apa-7-report-generator/,https://funnytools.win/tools/independent-samples-t-test-calculator/,tool,tool,zh-TW,statistics,statistics,apa-7-report-generator,independent-samples-t-test-calculator,0.815,0.568,yes,ADJACENT,NO,LOW,related topic but functional input/computation/output differs
279,https://funnytools.win/tools/standard-deviation/,https://funnytools.win/tools/t-score-calculator/,tool,tool,zh-TW,statistics,statistics,standard-deviation,t-score-calculator,0.815,0.651,yes,ADJACENT,NO,LOW,related topic but functional input/computation/output differs
280,https://funnytools.win/category/study/,https://funnytools.win/tools/group-generator/,category,tool,zh-TW,study,study,,group-generator,0.814,0.693,yes,ADJACENT,UNKNOWN,LOW,topic-adjacent pages with different page roles
281,https://funnytools.win/es/aviso-legal/,https://funnytools.win/es/categorias/estadistica/,other,category,es,general,statistics,,,0.814,0.798,no,UNKNOWN,UNKNOWN,LOW,page roles cannot be deterministically compared
282,https://funnytools.win/es/categorias/imagen/,https://funnytools.win/es/para/creadores/,category,audience,es,image,creators,,,0.814,0.775,no,UNKNOWN,UNKNOWN,LOW,page roles cannot be deterministically compared
283,https://funnytools.win/es/condiciones-de-uso/,https://funnytools.win/es/contacto/,legal,legal,es,general,general,,,0.814,0.812,yes,ADJACENT,UNKNOWN,LOW,topic-adjacent pages with different page roles
284,https://funnytools.win/es/guias/unir-pdf-sin-subir-archivos/,https://funnytools.win/es/para/oficina/,guide,audience,es,pdf,office-workers,,,0.814,0.805,no,UNKNOWN,UNKNOWN,LOW,page roles cannot be deterministically compared
285,https://funnytools.win/es/herramientas/eliminar-paginas-pdf/,https://funnytools.win/es/herramientas/ordenar-paginas-pdf/,tool,tool,es,pdf,pdf,delete-pdf-pages,pdf-page-reorder,0.814,0.818,yes,DIFFERENT,NO,LOW,document operation outcome differs even when source format overlaps
286,https://funnytools.win/guides/image-resampling-quality-guide/,https://funnytools.win/guides/image-resize-aspect-ratio-guide/,guide,guide,zh-TW,image,image,,,0.814,0.712,yes,ADJACENT,NO,LOW,related learning topics; answer role may differ
287,https://funnytools.win/tools/cronbach-alpha-calculator/,https://funnytools.win/tools/standard-deviation/,tool,tool,zh-TW,statistics,statistics,cronbach-alpha-calculator,standard-deviation,0.814,0.677,yes,ADJACENT,NO,LOW,related topic but functional input/computation/output differs
288,https://funnytools.win/tools/image-compressor/,https://funnytools.win/tools/png-to-jpg/,tool,tool,zh-TW,image,image,image-compressor,png-to-jpg,0.814,0.606,yes,ADJACENT,NO,LOW,related topic but functional input/computation/output differs
289,https://funnytools.win/tools/image-crop/,https://funnytools.win/tools/jpg-to-png/,tool,tool,zh-TW,image,image,image-crop,jpg-to-png,0.814,0.642,yes,ADJACENT,NO,LOW,related topic but functional input/computation/output differs
290,https://funnytools.win/tools/images-to-pdf/,https://funnytools.win/tools/pdf-compressor/,tool,tool,zh-TW,pdf,pdf,images-to-pdf,pdf-compressor,0.814,0.611,yes,ADJACENT,NO,LOW,related topic but functional input/computation/output differs
291,https://funnytools.win/category/random/,https://funnytools.win/category/study/,category,category,zh-TW,random,study,,,0.813,0.567,no,ADJACENT,UNKNOWN,LOW,shared hierarchy vocabulary does not prove redundant page role
292,https://funnytools.win/es/como-funcionan-las-herramientas/,https://funnytools.win/es/para/oficina/,legal,audience,es,general,office-workers,,,0.813,0.808,no,UNKNOWN,UNKNOWN,LOW,page roles cannot be deterministically compared
293,https://funnytools.win/es/contacto/,https://funnytools.win/es/para/oficina/,legal,audience,es,general,office-workers,,,0.813,0.810,no,UNKNOWN,UNKNOWN,LOW,page roles cannot be deterministically compared
294,https://funnytools.win/es/guias/prueba-levene-spss/,https://funnytools.win/es/guias/prueba-t-formato-apa-7/,guide,guide,es,statistics,general,,,0.813,0.813,no,DIFFERENT,NO,LOW,different learning topic
295,https://funnytools.win/guides/csv-to-json-header-duplicate-column-guide/,https://funnytools.win/tools/csv-to-json/,guide,tool,zh-TW,text,text,,csv-to-json,0.813,0.737,yes,COMPLEMENTARY,NO,LOW,tool is DO intent; guide is LEARN intent; keep both by default
296,https://funnytools.win/tools/group-generator/,https://funnytools.win/tools/random-student-picker/,tool,tool,zh-TW,study,study,group-generator,random-student-picker,0.813,0.557,yes,ADJACENT,NO,LOW,related topic but functional input/computation/output differs
297,https://funnytools.win/tools/merge-pdf/,https://funnytools.win/tools/split-pdf/,tool,tool,zh-TW,pdf,pdf,merge-pdf,split-pdf,0.813,0.701,yes,DIFFERENT,NO,LOW,document operation outcome differs even when source format overlaps
298,https://funnytools.win/category/text/,https://funnytools.win/tools/sort-lines/,category,tool,zh-TW,text,text,,sort-lines,0.812,0.639,yes,ADJACENT,UNKNOWN,LOW,topic-adjacent pages with different page roles
299,https://funnytools.win/es/categorias/estadistica/,https://funnytools.win/es/flujos/,category,hub,es,statistics,drawing,,,0.812,0.784,no,UNKNOWN,UNKNOWN,LOW,page roles cannot be deterministically compared
300,https://funnytools.win/es/como-funcionan-las-herramientas/,https://funnytools.win/es/contacto/,legal,legal,es,general,general,,,0.812,0.809,yes,ADJACENT,UNKNOWN,LOW,topic-adjacent pages with different page roles
301,https://funnytools.win/guides/classroom-random-group-size-balance-guide/,https://funnytools.win/tools/group-generator/,guide,tool,zh-TW,random,study,,group-generator,0.812,0.670,no,COMPLEMENTARY,NO,LOW,tool is DO intent; guide is LEARN intent; keep both by default
302,https://funnytools.win/guides/qr-code-destination-change-log-guide/,https://funnytools.win/guides/qr-code-event-page-expiry-guide/,guide,guide,zh-TW,general,general,,,0.812,0.728,yes,ADJACENT,NO,LOW,related learning topics; answer role may differ
303,https://funnytools.win/es/categorias/estadistica/,https://funnytools.win/es/guias/prueba-t-formato-apa-7/,category,guide,es,statistics,general,,,0.811,0.799,no,UNKNOWN,UNKNOWN,LOW,page roles cannot be deterministically compared
304,https://funnytools.win/es/categorias/estudio/,https://funnytools.win/es/estadisticas-educativas/,category,other,es,study,statistics,,,0.811,0.796,no,UNKNOWN,UNKNOWN,LOW,page roles cannot be deterministically compared
305,https://funnytools.win/es/categorias/pdf/,https://funnytools.win/es/herramientas/eliminar-paginas-pdf/,category,tool,es,pdf,pdf,,delete-pdf-pages,0.811,0.805,yes,ADJACENT,UNKNOWN,LOW,topic-adjacent pages with different page roles
306,https://funnytools.win/es/flujos/informe-estadistico-investigacion/,https://funnytools.win/es/herramientas/generador-informe-apa-7/,workflow,tool,es,statistics,statistics,,apa-7-report-generator,0.811,0.809,yes,ADJACENT,UNKNOWN,LOW,topic-adjacent pages with different page roles
307,https://funnytools.win/es/guias/anova-formato-apa-7/,https://funnytools.win/es/herramientas/generador-informe-apa-7/,guide,tool,es,statistics,statistics,,apa-7-report-generator,0.811,0.808,yes,COMPLEMENTARY,NO,LOW,tool is DO intent; guide is LEARN intent; keep both by default
308,https://funnytools.win/es/herramientas/selector-aleatorio-alumnos/,https://funnytools.win/es/herramientas/sorteo-nombres-aleatorio/,tool,tool,es,study,random,random-student-picker,random-name-picker,0.811,0.816,no,DIFFERENT,NO,LOW,different functional category
309,https://funnytools.win/guides/image-resize-aspect-ratio-guide/,https://funnytools.win/tools/image-crop/,guide,tool,zh-TW,image,image,,image-crop,0.811,0.689,yes,COMPLEMENTARY,NO,LOW,tool is DO intent; guide is LEARN intent; keep both by default
310,https://funnytools.win/tools/bulk-image-compressor/,https://funnytools.win/tools/image-resizer/,tool,tool,zh-TW,image,image,bulk-image-compressor,image-resizer,0.811,0.676,yes,ADJACENT,NO,LOW,related topic but functional input/computation/output differs
311,https://funnytools.win/tools/images-to-pdf/,https://funnytools.win/tools/jpg-to-webp/,tool,tool,zh-TW,pdf,image,images-to-pdf,jpg-to-webp,0.811,0.742,no,DIFFERENT,NO,LOW,directional converter inputs/outputs differ
312,https://funnytools.win/en/guides/classroom-random-group-guide/,https://funnytools.win/en/guides/fair-student-grouping-guide/,guide,guide,en,random,random,,,0.810,0.727,yes,ADJACENT,NO,LOW,related learning topics; answer role may differ
313,https://funnytools.win/en/tools/normalized-score-converter/,https://funnytools.win/en/tools/z-score-calculator/,tool,tool,en,statistics,statistics,normalized-score-converter,z-score-calculator,0.810,0.626,yes,ADJACENT,NO,LOW,related topic but functional input/computation/output differs
314,https://funnytools.win/es/flujos/,https://funnytools.win/es/para/creadores/,hub,audience,es,drawing,creators,,,0.810,0.781,no,UNKNOWN,UNKNOWN,LOW,page roles cannot be deterministically compared
315,https://funnytools.win/es/flujos/informe-estadistico-investigacion/,https://funnytools.win/es/guias/,workflow,hub,es,statistics,general,,,0.810,0.795,no,UNKNOWN,UNKNOWN,LOW,page roles cannot be deterministically compared
316,https://funnytools.win/es/guias/unir-pdf-sin-subir-archivos/,https://funnytools.win/es/sobre-funnytools/,guide,legal,es,pdf,general,,,0.810,0.800,no,UNKNOWN,UNKNOWN,LOW,page roles cannot be deterministically compared
317,https://funnytools.win/fr/outils/generateur-groupes-aleatoires/,https://funnytools.win/fr/outils/tirage-au-sort-noms/,tool,tool,fr,random,random,random-group-generator,random-name-picker,0.810,0.818,yes,ADJACENT,NO,LOW,related topic but functional input/computation/output differs
318,https://funnytools.win/guides/pdf-to-image-multipage-download-guide/,https://funnytools.win/tools/pdf-page-reorder/,guide,tool,zh-TW,pdf,pdf,,pdf-page-reorder,0.810,0.716,yes,COMPLEMENTARY,NO,LOW,tool is DO intent; guide is LEARN intent; keep both by default
319,https://funnytools.win/guides/t-score-calculator-guide/,https://funnytools.win/tools/standard-deviation/,guide,tool,zh-TW,statistics,statistics,,standard-deviation,0.810,0.690,yes,COMPLEMENTARY,NO,LOW,tool is DO intent; guide is LEARN intent; keep both by default
320,https://funnytools.win/es/aviso-legal/,https://funnytools.win/es/para/creadores/,other,audience,es,general,creators,,,0.809,0.786,no,UNKNOWN,UNKNOWN,LOW,page roles cannot be deterministically compared
321,https://funnytools.win/es/aviso-legal/,https://funnytools.win/es/privacidad/,other,legal,es,general,general,,,0.809,0.801,yes,ADJACENT,UNKNOWN,LOW,topic-adjacent pages with different page roles
322,https://funnytools.win/es/guias/grupos-aleatorios-clase/,https://funnytools.win/es/herramientas/crear-grupos-clase/,guide,tool,es,random,study,,group-generator,0.809,0.803,no,COMPLEMENTARY,NO,LOW,tool is DO intent; guide is LEARN intent; keep both by default
323,https://funnytools.win/es/para/creadores/,https://funnytools.win/es/sobre-funnytools/,audience,legal,es,creators,general,,,0.809,0.785,no,UNKNOWN,UNKNOWN,LOW,page roles cannot be deterministically compared
324,https://funnytools.win/fr/fonctionnement-outils/,https://funnytools.win/fr/outils/reorganiser-pages-pdf/,legal,tool,fr,general,pdf,,pdf-page-reorder,0.809,0.810,no,UNKNOWN,UNKNOWN,LOW,page roles cannot be deterministically compared
325,https://funnytools.win/guides/pdf-to-image-multipage-download-guide/,https://funnytools.win/tools/pdf-to-image/,guide,tool,zh-TW,pdf,pdf,,pdf-to-image,0.809,0.682,yes,COMPLEMENTARY,NO,LOW,tool is DO intent; guide is LEARN intent; keep both by default
326,https://funnytools.win/guides/percentile-rank-guide/,https://funnytools.win/workflows/teacher-exam-score-toolkit/,guide,workflow,zh-TW,statistics,statistics,,,0.809,0.620,yes,ADJACENT,UNKNOWN,LOW,topic-adjacent pages with different page roles
327,https://funnytools.win/tools/image-compressor/,https://funnytools.win/tools/webp-to-jpg/,tool,tool,zh-TW,image,image,image-compressor,webp-to-jpg,0.809,0.598,yes,ADJACENT,NO,LOW,related topic but functional input/computation/output differs
328,https://funnytools.win/category/text/,https://funnytools.win/tools/word-counter/,category,tool,zh-TW,text,text,,word-counter,0.808,0.633,yes,ADJACENT,UNKNOWN,LOW,topic-adjacent pages with different page roles
329,https://funnytools.win/es/categorias/texto/,https://funnytools.win/es/para/oficina/,category,audience,es,text,office-workers,,,0.808,0.795,no,UNKNOWN,UNKNOWN,LOW,page roles cannot be deterministically compared
330,https://funnytools.win/es/guias/,https://funnytools.win/es/para/creadores/,hub,audience,es,general,creators,,,0.808,0.781,no,UNKNOWN,UNKNOWN,LOW,page roles cannot be deterministically compared
331,https://funnytools.win/fr/outils/diviser-pdf/,https://funnytools.win/fr/outils/reorganiser-pages-pdf/,tool,tool,fr,pdf,pdf,split-pdf,pdf-page-reorder,0.808,0.804,yes,DIFFERENT,NO,LOW,document operation outcome differs even when source format overlaps
332,https://funnytools.win/tools/grade-average/,https://funnytools.win/workflows/teacher-exam-score-toolkit/,tool,workflow,zh-TW,statistics,statistics,grade-average,,0.808,0.748,yes,ADJACENT,UNKNOWN,LOW,topic-adjacent pages with different page roles
333,https://funnytools.win/en/category/statistics/,https://funnytools.win/en/education-statistics/,category,other,en,statistics,statistics,,,0.807,0.561,yes,ADJACENT,UNKNOWN,LOW,topic-adjacent pages with different page roles
334,https://funnytools.win/en/tools/jpg-to-png/,https://funnytools.win/en/tools/jpg-to-webp/,tool,tool,en,image,image,jpg-to-png,jpg-to-webp,0.807,0.678,yes,DIFFERENT,NO,LOW,directional converter inputs/outputs differ
335,https://funnytools.win/for/designers/,https://funnytools.win/tools/image-compressor/,audience,tool,zh-TW,designers,image,,image-compressor,0.807,0.643,no,UNKNOWN,UNKNOWN,LOW,page roles cannot be deterministically compared
336,https://funnytools.win/for/teachers/,https://funnytools.win/tools/group-generator/,audience,tool,zh-TW,teachers,study,,group-generator,0.807,0.651,no,UNKNOWN,UNKNOWN,LOW,page roles cannot be deterministically compared
337,https://funnytools.win/fr/outils/diviser-pdf/,https://funnytools.win/fr/outils/extraire-pages-pdf/,tool,tool,fr,pdf,pdf,split-pdf,extract-pdf-pages,0.807,0.795,yes,DIFFERENT,NO,LOW,document operation outcome differs even when source format overlaps
338,https://funnytools.win/guides/classroom-random-group-no-repeat-guide/,https://funnytools.win/tools/group-generator/,guide,tool,zh-TW,random,study,,group-generator,0.807,0.646,no,COMPLEMENTARY,NO,LOW,tool is DO intent; guide is LEARN intent; keep both by default
339,https://funnytools.win/guides/qr-code-mobile-landing-page-guide/,https://funnytools.win/guides/qr-code-multilingual-switch-testing-guide/,guide,guide,zh-TW,general,general,,,0.807,0.747,yes,ADJACENT,NO,LOW,related learning topics; answer role may differ
340,https://funnytools.win/en/tools/z-score-calculator/,https://funnytools.win/en/workflows/teacher-exam-score-toolkit/,tool,workflow,en,statistics,statistics,z-score-calculator,,0.806,0.645,yes,ADJACENT,UNKNOWN,LOW,topic-adjacent pages with different page roles
341,https://funnytools.win/es/categorias/estudio/,https://funnytools.win/es/como-funcionan-las-herramientas/,category,legal,es,study,general,,,0.806,0.806,no,UNKNOWN,UNKNOWN,LOW,page roles cannot be deterministically compared
342,https://funnytools.win/es/flujos/decisiones-cotidianas/,https://funnytools.win/es/herramientas/decidir-entre-dos-opciones/,workflow,tool,es,general,random,,this-or-that,0.806,0.802,no,UNKNOWN,UNKNOWN,LOW,page roles cannot be deterministically compared
343,https://funnytools.win/for/designers/,https://funnytools.win/tools/jpg-to-webp/,audience,tool,zh-TW,designers,image,,jpg-to-webp,0.806,0.640,no,UNKNOWN,UNKNOWN,LOW,page roles cannot be deterministically compared
344,https://funnytools.win/guides/t-score-calculator-guide/,https://funnytools.win/tools/normalized-score-converter/,guide,tool,zh-TW,statistics,statistics,,normalized-score-converter,0.806,0.728,yes,COMPLEMENTARY,NO,LOW,tool is DO intent; guide is LEARN intent; keep both by default
345,https://funnytools.win/tools/break-reminder/,https://funnytools.win/tools/pomodoro-timer/,tool,tool,zh-TW,time,time,break-reminder,pomodoro-timer,0.806,0.654,yes,ADJACENT,NO,LOW,related topic but functional input/computation/output differs
346,https://funnytools.win/tools/csv-to-json/,https://funnytools.win/tools/json-formatter/,tool,tool,zh-TW,text,text,csv-to-json,json-formatter,0.806,0.609,yes,ADJACENT,NO,LOW,related topic but functional input/computation/output differs
347,https://funnytools.win/tools/extract-pdf-pages/,https://funnytools.win/tools/rotate-pdf/,tool,tool,zh-TW,pdf,pdf,extract-pdf-pages,rotate-pdf,0.806,0.656,yes,DIFFERENT,NO,LOW,document operation outcome differs even when source format overlaps
348,https://funnytools.win/category/image/,https://funnytools.win/for/designers/,category,audience,zh-TW,image,designers,,,0.805,0.610,no,UNKNOWN,UNKNOWN,LOW,page roles cannot be deterministically compared
349,https://funnytools.win/es/categorias/azar/,https://funnytools.win/es/sobre-funnytools/,category,legal,es,random,general,,,0.805,0.797,no,UNKNOWN,UNKNOWN,LOW,page roles cannot be deterministically compared
350,https://funnytools.win/es/categorias/estadistica/,https://funnytools.win/es/sobre-funnytools/,category,legal,es,statistics,general,,,0.805,0.794,no,UNKNOWN,UNKNOWN,LOW,page roles cannot be deterministically compared
351,https://funnytools.win/es/categorias/estudio/,https://funnytools.win/es/para/creadores/,category,audience,es,study,creators,,,0.805,0.779,no,UNKNOWN,UNKNOWN,LOW,page roles cannot be deterministically compared
352,https://funnytools.win/es/condiciones-de-uso/,https://funnytools.win/es/para/oficina/,legal,audience,es,general,office-workers,,,0.805,0.795,no,UNKNOWN,UNKNOWN,LOW,page roles cannot be deterministically compared
353,https://funnytools.win/es/herramientas/generador-grupos-aleatorios/,https://funnytools.win/es/herramientas/sorteo-nombres-aleatorio/,tool,tool,es,random,random,random-group-generator,random-name-picker,0.805,0.815,yes,ADJACENT,NO,LOW,related topic but functional input/computation/output differs
354,https://funnytools.win/fr/fonctionnement-outils/,https://funnytools.win/fr/outils/generateur-nombres-aleatoires/,legal,tool,fr,general,random,,random-number-picker,0.805,0.809,no,UNKNOWN,UNKNOWN,LOW,page roles cannot be deterministically compared
355,https://funnytools.win/guides/image-compression-quality-size-guide/,https://funnytools.win/tools/image-compressor/,guide,tool,zh-TW,image,image,,image-compressor,0.805,0.699,yes,COMPLEMENTARY,NO,LOW,tool is DO intent; guide is LEARN intent; keep both by default
356,https://funnytools.win/guides/json-formatter-trailing-comma-error-guide/,https://funnytools.win/tools/json-formatter/,guide,tool,zh-TW,text,text,,json-formatter,0.805,0.700,yes,COMPLEMENTARY,NO,LOW,tool is DO intent; guide is LEARN intent; keep both by default
357,https://funnytools.win/guides/t-test-apa-format-guide/,https://funnytools.win/workflows/graduate-statistics-report-toolkit/,guide,workflow,zh-TW,general,statistics,,,0.805,0.578,no,UNKNOWN,UNKNOWN,LOW,page roles cannot be deterministically compared
358,https://funnytools.win/,https://funnytools.win/tools/,home,hub,zh-TW,general,general,,,0.805,0.812,yes,ADJACENT,UNKNOWN,LOW,topic-adjacent pages with different page roles
359,https://funnytools.win/tools/images-to-pdf/,https://funnytools.win/tools/jpg-to-png/,tool,tool,zh-TW,pdf,image,images-to-pdf,jpg-to-png,0.805,0.718,no,DIFFERENT,NO,LOW,directional converter inputs/outputs differ
360,https://funnytools.win/tools/percentile-rank-calculator/,https://funnytools.win/workflows/teacher-exam-score-toolkit/,tool,workflow,zh-TW,statistics,statistics,percentile-rank-calculator,,0.805,0.558,yes,ADJACENT,UNKNOWN,LOW,topic-adjacent pages with different page roles
361,https://funnytools.win/es/categorias/estadistica/,https://funnytools.win/es/para/oficina/,category,audience,es,statistics,office-workers,,,0.804,0.788,no,UNKNOWN,UNKNOWN,LOW,page roles cannot be deterministically compared
362,https://funnytools.win/es/categorias/estudio/,https://funnytools.win/es/guias/ruleta-sorteos-clase/,category,guide,es,study,random,,,0.804,0.792,no,UNKNOWN,UNKNOWN,LOW,page roles cannot be deterministically compared
363,https://funnytools.win/es/categorias/pdf/,https://funnytools.win/es/para/oficina/,category,audience,es,pdf,office-workers,,,0.804,0.787,no,UNKNOWN,UNKNOWN,LOW,page roles cannot be deterministically compared
364,https://funnytools.win/es/herramientas/ruleta-aleatoria/,https://funnytools.win/es/herramientas/sorteo-nombres-aleatorio/,tool,tool,es,random,random,random-wheel,random-name-picker,0.804,0.804,yes,ADJACENT,NO,LOW,related topic but functional input/computation/output differs
365,https://funnytools.win/es/para/estudiantes/,https://funnytools.win/es/para/,audience,hub,es,students,general,,,0.804,0.735,yes,UNKNOWN,UNKNOWN,LOW,page roles cannot be deterministically compared
366,https://funnytools.win/fr/outils/recadrer-image/,https://funnytools.win/fr/outils/redimensionner-image/,tool,tool,fr,image,image,image-crop,image-resizer,0.804,0.802,yes,ADJACENT,NO,LOW,related topic but functional input/computation/output differs
367,https://funnytools.win/guides/image-resolution-print-web-guide/,https://funnytools.win/guides/pdf-to-image-resolution-guide/,guide,guide,zh-TW,image,pdf,,,0.804,0.756,no,DIFFERENT,NO,LOW,different learning topic
368,https://funnytools.win/guides/pdf-to-image-multipage-download-guide/,https://funnytools.win/guides/split-pdf-page-range-planning-guide/,guide,guide,zh-TW,pdf,pdf,,,0.804,0.715,yes,ADJACENT,NO,LOW,related learning topics; answer role may differ
369,https://funnytools.win/tools/json-formatter/,https://funnytools.win/tools/json-to-csv/,tool,tool,zh-TW,text,text,json-formatter,json-to-csv,0.804,0.578,yes,ADJACENT,NO,LOW,related topic but functional input/computation/output differs
370,https://funnytools.win/es/categorias/estadistica/,https://funnytools.win/es/como-funcionan-las-herramientas/,category,legal,es,statistics,general,,,0.803,0.804,no,UNKNOWN,UNKNOWN,LOW,page roles cannot be deterministically compared
371,https://funnytools.win/es/estadisticas-educativas/,https://funnytools.win/es/flujos/informe-estadistico-investigacion/,other,workflow,es,statistics,statistics,,,0.803,0.783,yes,ADJACENT,UNKNOWN,LOW,topic-adjacent pages with different page roles
372,https://funnytools.win/es/para/creadores/,https://funnytools.win/es/para/,audience,hub,es,creators,general,,,0.803,0.783,no,UNKNOWN,UNKNOWN,LOW,page roles cannot be deterministically compared
373,https://funnytools.win/es/para/estudiantes/,https://funnytools.win/es/para/oficina/,audience,audience,es,students,office-workers,,,0.803,0.764,no,ADJACENT,UNKNOWN,LOW,shared hierarchy vocabulary does not prove redundant page role
374,https://funnytools.win/fr/outils/calculateur-interets-composes/,https://funnytools.win/fr/outils/calculateur-objectif-epargne/,tool,tool,fr,money,money,compound-interest,savings-goal,0.803,0.804,yes,ADJACENT,NO,LOW,related topic but functional input/computation/output differs
375,https://funnytools.win/guides/classroom-random-group-guide/,https://funnytools.win/guides/classroom-random-group-size-balance-guide/,guide,guide,zh-TW,random,random,,,0.803,0.697,yes,ADJACENT,NO,LOW,related learning topics; answer role may differ
376,https://funnytools.win/guides/classroom-random-group-size-balance-guide/,https://funnytools.win/tools/random-group-generator/,guide,tool,zh-TW,random,random,,random-group-generator,0.803,0.675,yes,COMPLEMENTARY,NO,LOW,tool is DO intent; guide is LEARN intent; keep both by default
377,https://funnytools.win/guides/merge-pdf-bookmarks-navigation-guide/,https://funnytools.win/guides/pdf-page-reorder-appendix-merge-check-guide/,guide,guide,zh-TW,pdf,pdf,,,0.803,0.669,yes,ADJACENT,NO,LOW,related learning topics; answer role may differ
378,https://funnytools.win/tools/image-rotate-flip/,https://funnytools.win/tools/jpg-to-png/,tool,tool,zh-TW,image,image,image-rotate-flip,jpg-to-png,0.803,0.543,yes,ADJACENT,NO,LOW,related topic but functional input/computation/output differs
379,https://funnytools.win/es/apoyar-funnytools/,https://funnytools.win/es/condiciones-de-uso/,support,legal,es,general,general,,,0.802,0.799,yes,ADJACENT,UNKNOWN,LOW,topic-adjacent pages with different page roles
380,https://funnytools.win/es/guias/codigos-qr-en-el-aula/,https://funnytools.win/es/sobre-funnytools/,guide,legal,es,general,general,,,0.802,0.793,yes,ADJACENT,UNKNOWN,LOW,topic-adjacent pages with different page roles
381,https://funnytools.win/es/herramientas/ordenar-paginas-pdf/,https://funnytools.win/es/herramientas/rotar-pdf/,tool,tool,es,pdf,pdf,pdf-page-reorder,rotate-pdf,0.802,0.803,yes,DIFFERENT,NO,LOW,document operation outcome differs even when source format overlaps
382,https://funnytools.win/es/para/desarrolladores/,https://funnytools.win/es/para/oficina/,audience,audience,es,developers,office-workers,,,0.802,0.788,no,ADJACENT,UNKNOWN,LOW,shared hierarchy vocabulary does not prove redundant page role
383,https://funnytools.win/for/students/,https://funnytools.win/,audience,home,zh-TW,students,general,,,0.802,0.647,no,UNKNOWN,UNKNOWN,LOW,page roles cannot be deterministically compared
384,https://funnytools.win/guides/merge-pdf-bookmarks-navigation-guide/,https://funnytools.win/guides/merge-pdf-reading-order-checklist-guide/,guide,guide,zh-TW,pdf,pdf,,,0.802,0.710,yes,ADJACENT,NO,LOW,related learning topics; answer role may differ
385,https://funnytools.win/tools/random-number-picker/,https://funnytools.win/tools/random-wheel/,tool,tool,zh-TW,random,random,random-number-picker,random-wheel,0.802,0.616,yes,ADJACENT,NO,LOW,related topic but functional input/computation/output differs
386,https://funnytools.win/es/aviso-legal/,https://funnytools.win/es/guias/unir-pdf-sin-subir-archivos/,other,guide,es,general,pdf,,,0.801,0.794,no,UNKNOWN,UNKNOWN,LOW,page roles cannot be deterministically compared
387,https://funnytools.win/es/categorias/estudio/,https://funnytools.win/es/flujos/decisiones-cotidianas/,category,workflow,es,study,general,,,0.801,0.799,no,UNKNOWN,UNKNOWN,LOW,page roles cannot be deterministically compared
388,https://funnytools.win/es/categorias/imagen/,https://funnytools.win/es/guias/fotos-a-pdf-desde-movil/,category,guide,es,image,pdf,,,0.801,0.787,no,UNKNOWN,UNKNOWN,LOW,page roles cannot be deterministically compared
389,https://funnytools.win/es/flujos/,https://funnytools.win/es/sobre-funnytools/,hub,legal,es,drawing,general,,,0.801,0.791,no,UNKNOWN,UNKNOWN,LOW,page roles cannot be deterministically compared
390,https://funnytools.win/es/guias/comprimir-fotos-para-email/,https://funnytools.win/es/para/disenadores/,guide,audience,es,image,designers,,,0.801,0.782,no,UNKNOWN,UNKNOWN,LOW,page roles cannot be deterministically compared
391,https://funnytools.win/es/guias/unir-pdf-sin-subir-archivos/,https://funnytools.win/es/herramientas/extraer-paginas-pdf/,guide,tool,es,pdf,pdf,,extract-pdf-pages,0.801,0.799,yes,COMPLEMENTARY,NO,LOW,tool is DO intent; guide is LEARN intent; keep both by default
392,https://funnytools.win/fr/outils/convertir-jpg-en-webp/,https://funnytools.win/fr/outils/convertir-png-en-jpg/,tool,tool,fr,image,image,jpg-to-webp,png-to-jpg,0.801,0.788,yes,DIFFERENT,NO,LOW,directional converter inputs/outputs differ
393,https://funnytools.win/guides/classroom-group-roles-rotation-guide/,https://funnytools.win/guides/classroom-random-group-size-balance-guide/,guide,guide,zh-TW,random,random,,,0.801,0.670,yes,ADJACENT,NO,LOW,related learning topics; answer role may differ
394,https://funnytools.win/guides/pdf-to-word-layout-fidelity-guide/,https://funnytools.win/guides/pdf-to-word-ocr-language-check-guide/,guide,guide,zh-TW,pdf,pdf,,,0.801,0.718,yes,ADJACENT,NO,LOW,related learning topics; answer role may differ
395,https://funnytools.win/tools/images-to-pdf/,https://funnytools.win/tools/pdf-to-image/,tool,tool,zh-TW,pdf,pdf,images-to-pdf,pdf-to-image,0.801,0.579,yes,DIFFERENT,NO,LOW,directional converter inputs/outputs differ
396,https://funnytools.win/category/statistics/,https://funnytools.win/tools/percentage-calculator/,category,tool,zh-TW,statistics,statistics,,percentage-calculator,0.800,0.697,yes,ADJACENT,UNKNOWN,LOW,topic-adjacent pages with different page roles
397,https://funnytools.win/category/time/,https://funnytools.win/tools/countdown-timer/,category,tool,zh-TW,time,time,,countdown-timer,0.800,0.621,yes,ADJACENT,UNKNOWN,LOW,topic-adjacent pages with different page roles
398,https://funnytools.win/en/guides/classroom-random-group-absent-student-repair-guide/,https://funnytools.win/en/guides/classroom-random-group-size-balance-guide/,guide,guide,en,random,random,,,0.800,0.697,yes,ADJACENT,NO,LOW,related learning topics; answer role may differ
399,https://funnytools.win/es/apoyar-funnytools/,https://funnytools.win/es/aviso-legal/,support,other,es,general,general,,,0.800,0.800,yes,ADJACENT,UNKNOWN,LOW,topic-adjacent pages with different page roles
400,https://funnytools.win/es/categorias/azar/,https://funnytools.win/es/guias/ruleta-sorteos-clase/,category,guide,es,random,random,,,0.800,0.791,yes,ADJACENT,UNKNOWN,LOW,topic-adjacent pages with different page roles
401,https://funnytools.win/es/categorias/tiempo/,https://funnytools.win/es/para/oficina/,category,audience,es,time,office-workers,,,0.800,0.784,no,UNKNOWN,UNKNOWN,LOW,page roles cannot be deterministically compared
402,https://funnytools.win/es/guias/fotos-a-pdf-desde-movil/,https://funnytools.win/es/para/oficina/,guide,audience,es,pdf,office-workers,,,0.800,0.790,no,UNKNOWN,UNKNOWN,LOW,page roles cannot be deterministically compared
403,https://funnytools.win/es/guias/,https://funnytools.win/es/sobre-funnytools/,hub,legal,es,general,general,,,0.800,0.799,yes,ADJACENT,UNKNOWN,LOW,topic-adjacent pages with different page roles
404,https://funnytools.win/es/guias/unir-pdf-sin-subir-archivos/,https://funnytools.win/es/herramientas/comprimir-pdf/,guide,tool,es,pdf,pdf,,pdf-compressor,0.800,0.800,yes,COMPLEMENTARY,NO,LOW,tool is DO intent; guide is LEARN intent; keep both by default
405,https://funnytools.win/es/para/disenadores/,https://funnytools.win/es/para/oficina/,audience,audience,es,designers,office-workers,,,0.800,0.773,no,ADJACENT,UNKNOWN,LOW,shared hierarchy vocabulary does not prove redundant page role
406,https://funnytools.win/tools/case-converter/,https://funnytools.win/tools/remove-empty-lines/,tool,tool,zh-TW,text,text,case-converter,remove-empty-lines,0.800,0.551,yes,ADJACENT,NO,LOW,related topic but functional input/computation/output differs
